id,source_situation,source_emotion_big,source_emotion_small,source_dialogue,diary,summary
train_0,"연애,결혼,출산",불안,조심스러운,아기를 겨우 재워서 조심스레 침대에 눕혔는데 또 깰까 봐 불안해. 힘들게 재운 아기가 깰까 봐 불안하시군요. 우리 아기가 작은 소리에도 깨는 민감한 아이라고 하더라고. 어떻게 하면 민감한 아기가 깨지 않고 잘 자는 데 도움을 줄 수 있을까요? 벨소리는 무조건 무음으로 바꿔 놓고 낮에는 많이 놀아 줘서 밤에 잘 잘 수 있게 도와줘야겠지. 아기가 깨지 않고 잘 자길 바라요.,"오늘 아기를 겨우 재워서 조심스레 침대에 눕혔어. 아기가 작은 소리에도 쉽게 깨는 민감한 아이라서 불안했는데, 다행히 잘 자고 있네. 낮에 많이 놀아줘서 밤에 잘 자게 도와줘야겠어. 아기가 편안하게 자고 있는 모습이 참 예쁘다.",1. 아기가 조용한 침대 위에서 편안하게 잠들어 있다. 2. 작은 손이 이불 위에 놓여져 있어 귀여운 모습이다. 3. 방 안은 조용하고 아기의 숨소리만이 들린다.
train_1,"대인관계(부부, 자녀)",기쁨,감사하는,우리 부자간은 사이가 좋아서 정말 감사해. 아드님과 사이가 좋아 감사함을 느끼시는군요. 날 닮아 무뚝뚝한 거 같지만 속으로 날 많이 챙기지. 무뚝뚝한 것 같지만 아드님이 많이 챙겨주는군요. 아드님과 사이가 좋은 비결이 있나요? 아들과 대화를 많이 하고 아들을 믿고 지지해줬어. 대화를 많이 나누고 지지해 주는 것이 비결이군요.,"오늘 아들과 대화를 많이 나눴어. 아들이 무뚝뚝한 나를 속으로 챙겨주는 걸 느끼니까 정말 고마워. 서로 믿고 지지해주니까 사이가 더 좋아지는 것 같아. 아들이 나를 닮아서 그런지, 가끔은 무뚝뚝해도 속은 따뜻하더라.","1. 아들이 무뚝뚝한 표정으로 나를 바라보고 있다.  
2. 서로의 눈을 마주치며 대화를 나누는 모습이 따뜻하다.  
3. 아들이 나를 챙기는 작은 행동들이 소중하게 느껴진다."
train_10,"대인관계(부부, 자녀)",기쁨,만족스러운,딸이 언제나 사랑한다고 해 줘서 너무 기뻐. 따님이 항상 애정표현 해주셔서 행복하시군요. 당연하지. 항상 사랑한다고 말해주니까 얼마나 기분이 좋은지. 어떻게 해야 따님분이 계속해서 사랑한다고 해주실까요? 나도 같이 사랑한다 해줘야지. 받기만 하지 말고 서로 표현을 잘 해줘야겠어. 따님분과의 좋은 관계가 계속해서 지속되길 바라요.,딸이 언제나 사랑한다고 해 줘서 너무 기뻐. 오늘도 사랑한다고 말해주니까 기분이 정말 좋더라. 서로 사랑한다고 표현하는 게 얼마나 중요한지 다시 느꼈어. 앞으로도 이렇게 서로 애정 표현 잘 해줘야겠다.,1. 딸이 엄마에게 사랑한다고 말하며 환하게 웃고 있다. 2. 따뜻한 분위기 속에서 서로의 눈빛이 애정으로 가득 차 있다. 3. 작은 손이 엄마의 손을 꼭 잡고 있다.
train_12,"대인관계(부부, 자녀)",당황,외로운,아이가 컸다고 방에만 있고 나오질 않네. 조금 외롭군. 아이가 방에서 나오지 않아 서운하세요? 밥 먹을 때만 잠깐 보고 얼굴 보기가 힘드네. 같이 시간을 보낼 방법을 찾고 싶어. 주말에 가족하고 시간은 어떻게 보내고 싶으세요? 같이 영화도 보고 싶고 게임도 하고 싶지. 주말에 영화 감상과 게임으로 가족과 시간을 보내고 싶어 하시는군요.,"요즘 아이가 방에만 있고 나오질 않아서 좀 서운하네. 밥 먹을 때 잠깐 얼굴 보는데, 그게 다라니. 주말에는 가족이랑 영화도 보고 게임도 하면서 시간을 보내고 싶어. 같이 놀고 싶다.",1. 아이가 방 안에서 혼자 시간을 보내고 있다. 2. 식탁에 앉아 아이의 얼굴을 잠깐 바라본다. 3. 주말에 가족과 함께할 영화와 게임을 계획하고 있다.
train_16,"연애,결혼,출산",상처,충격 받은,얼마 전에 딸아이를 낳았는데 아이가 나는 닮지 않고 아빠만 닮았어. 주변에서 남자 아기냐고 오해해서 충격이야. 기대와 달리 아기가 남자 아기처럼 보여 충격을 느끼시는군요. 심지어 우리 가족들도 남자 아기 같다고 장군처럼 듬직하게 생겼다고 해. 단 한 명도 예쁘다고 얘기해주지 않았어. 주변에서 아기를 예쁘다고 해주지 않아 서운하시군요. 아기를 보면 어떤 생각이 들어요? 너무 예쁘고 사랑스러워. 살도 오르고 부기도 빠져서 여자 아기 느낌이 나고 예뻐지고 있는 것 같아. 시간이 지나면서 아기의 얼굴이 점점 예뻐져서 기분이 좋으시군요.,"요즘 아기가 점점 예뻐지고 있어. 처음에는 아빠를 많이 닮아서 남자 아기 같다고들 했는데, 이제는 살도 오르고 부기도 빠져서 여자 아기 느낌이 나네. 주변에서 예쁘다고 해주지 않아서 서운했지만, 아기를 보면 사랑스럽고 기분이 좋아져. 아기가 웃을 때마다 내 마음도 따뜻해지는 것 같아.",1. 아기가 부드러운 이불 위에서 편안하게 자고 있다. 2. 아기의 얼굴이 점점 예뻐져서 사랑스러운 미소를 짓고 있다. 3. 따뜻한 조명이 아기의 얼굴을 부드럽게 감싸고 있다.
train_19,"대인관계(부부, 자녀)",상처,억울한,얼마 전에 우리 아들이 자기 누나랑 싸워서 나한테 혼난 일이 있었는데 아직도 나한테 삐진 것 같아. 그런 일이 있었군요. 마음이 상했겠네요. 누나에게 대들길래 혼을 좀 냈는데 자기만 혼낸다고 화를 내더라고 누나가 먼저 잘못했다면서. 아들이 억울했군요. 그래서 오늘은 아들이 좋아하는 치킨 좀 사다가 달래 보려고. 치킨으로 마음을 풀어주려고 하시는군요.,얼마 전에 아들이 누나랑 싸워서 혼났어. 아들이 억울해하는 모습이 너무 귀여웠다. 그래서 오늘은 아들이 좋아하는 치킨을 사서 달래주기로 했어. 치킨을 보며 환하게 웃는 아들이 생각하니 마음이 따뜻해진다.,1. 아들이 누나와 싸운 후 삐진 표정을 짓고 있다. 2. 치킨을 손에 들고 환하게 웃는 아들의 모습이 보인다. 3. 따뜻한 조명이 아들의 얼굴을 부드럽게 감싸고 있다.
train_21,"대인관계(부부, 자녀)",상처,상처,딸이 일명 어깨치기라고 하는 걸 당했나 봐. 상대방이 어떤 사과도 없이 지나쳤다며 화를 내는 거야. 어깨치기가 어떤 것인지 말씀해 주실 수 있으신가요? 길에서 지나칠 때 일부러 시비를 걸거나 상대방에게 피해를 주기 위해서 어깨를 툭 치고 지나가는 거야. 따님이 아주 속상하셨을 것 같아요. 딸의 마음을 달래줄 방법이 있을까요? 글쎄. 좋아하는 음식을 사줄까? 좋아하는 음식을 먹으며 딸의 화를 풀어 주려고 하시는군요.,"오늘 딸이 어깨치기를 당하고 많이 속상해했어. 길에서 누가 일부러 어깨를 쳐서 지나갔다는 얘기를 듣고, 마음이 아팠지. 그래서 좋아하는 음식을 사주기로 했어. 맛있는 걸 먹으면서 딸의 화를 풀어주고 싶어.",1. 딸이 속상한 표정으로 나를 바라보고 있다. 2. 길가에서 누군가가 딸의 어깨를 툭 치고 지나간 장면이 떠오른다. 3. 맛있는 음식을 준비하며 딸과 함께 웃을 날을 기다린다.
train_22,"대인관계(부부, 자녀)",상처,충격 받은,어느 날 우리 딸이 그러는 거야. 엄마는 왜 아빠 같은 사람을 만나서 나를 이렇게 못생긴 얼굴로 낳았냐는 거야. 따님이 한 말에 상처를 받으셨나요? 이 정도 일로 상처는 아니야. 그만하면 보통은 되는 얼굴이라고 다독였지. 다독여주셨군요. 따님의 반응은 어떠셨나요? 이해할 수 없다는 표정이었지. 납득하려면 시간이 좀 필요할 거 같아. 당장 딸의 의문을 풀 수는 없었군요.,"오늘 딸이 나한테 아빠 같은 사람을 만나서 왜 이렇게 못생긴 얼굴로 나왔냐고 물어봤어. 그 말에 좀 놀랐지만, 딸이 이해할 수 없다는 표정이 귀여워서 웃음이 나더라. 다독여주면서 '그만하면 보통은 되는 얼굴이야'라고 해줬지. 딸이 납득하려면 시간이 좀 필요할 것 같아.","1. 딸이 나를 바라보며 의아한 표정을 짓고 있다.  
2. 작은 손으로 내 얼굴을 가리키며 질문을 던진다.  
3. 따뜻한 조명 아래에서 서로의 눈빛이 교차한다."
train_23,"연애,결혼,출산",기쁨,신이 난,룰루랄라. 이름은 뭐가 좋을까? 기분이 좋으신가 봐요. 무슨 일인지 알 수 있을까요? 아빠가 될 것 같아서 이름을 지어야 해. 아이가 태어나는군요. 정말 기쁘시겠어요. 세상을 다 가진 기분이야. 누구보다 행복하시겠어요.,"오늘 아빠가 될 것 같다는 소식에 정말 기쁘네. 이름을 지어야 한다고 하니, 벌써부터 기대가 돼. 세상을 다 가진 기분이야. 아이가 태어나는 걸 생각하니 행복이 가득해.",1. 아빠가 될 소식에 기쁨이 가득한 모습이다. 2. 이름을 고민하는 모습이 상상된다. 3. 행복한 표정이 방 안을 따뜻하게 감싼다.
train_25,"대인관계(부부, 자녀)",기쁨,감사하는,코로나 때문에 집에만 있어 답답할 텐데 항상 밝은 아들이 고마워. 코로나로 외출을 못 하는데도 밝은 아드님 덕분에 행복해 보이세요. 아이가 밝으니 나도 힘든 줄 모르고 웃게 되는 것 같아. 밝은 아드님과 함께 웃는 생활을 하셔서 정말 다행이에요. 기특해서 선물이라도 해줘야겠어. 아드님이 대견해서 선물을 하려고 하시는군요.,"코로나 때문에 집에만 있어서 답답할 텐데, 아들이 항상 밝아서 정말 고마워. 외출을 못 해도 아들이 웃으니까 나도 힘든 줄 모르고 웃게 되는 것 같아. 아들이 기특해서 선물이라도 해줘야겠어. 이렇게 함께 웃는 생활을 할 수 있어서 정말 다행이야.",1. 아들이 환하게 웃으며 나를 바라보고 있다. 2. 집 안은 따뜻한 분위기로 가득 차 있다. 3. 아들의 밝은 표정이 코로나의 우울함을 잊게 해준다.
train_28,"대인관계(부부, 자녀)",상처,충격 받은,얼마 전 아들아이가 나에게 엄마 목소리가 늘 화가 나 있어서 말하기가 싫다는 거야. 아드님에게 그런 이야기를 들으셔서 기분이 상하셨겠어요. 난 너무 충격을 받아 어디 숨어버리고 싶더라고. 그 후로 아드님과 다시 이야기해 보셨어요? 내가 왜 화를 내는 말투를 하고 있나 반성하고 있어. 말을 부드럽게 하려고 노력도 하고 나서 다시 얘기해 보려고. 말투를 조금 바꾸고 나서 아드님과 대화를 해보려고 하시는군요.,"얼마 전 아들이 나한테 엄마 목소리가 화가 나서 말하기 싫다고 했어. 그 말을 듣고 너무 충격이었고, 숨고 싶더라. 그래서 요즘은 아들과 대화할 때 말투를 부드럽게 하려고 노력하고 있어. 아들이랑 다시 이야기해보려고 하니까 마음이 한결 편해지는 것 같아.",1. 아들이 나에게 솔직한 마음을 털어놓고 있다. 2. 엄마의 표정이 놀라움과 반성으로 가득 차 있다. 3. 따뜻한 분위기 속에서 아들과의 대화가 시작될 준비를 하고 있다.
train_33,"대인관계(부부, 자녀)",불안,걱정스러운,우리 아이는 내가 많이 무서운가 봐. 말을 통 안 해. 아이가 요즘 들어 말을 안 하는 건가요? 응 그렇지. 예전에는 안 그랬는데 요즘은 방어적인 태도로만 날 대해. 어떻게 하는 게 도움이 될까요? 이해는 하면서 아이와 대화를 많이 해봐야겠어. 대화를 나누시고 이해해주신다면 잘 해결될 거예요.,"요즘 우리 아이가 나한테 말을 잘 안 하네. 예전에는 잘 웃고 대화도 많이 했는데, 요즘은 방어적인 모습만 보여. 그래서 내가 더 이해해주려고 노력하고 있어. 아이와 대화를 많이 나누면 조금씩 나아질 거라 믿어.",1. 아이가 방어적인 태도로 나를 바라보고 있다. 2. 대화를 나누려는 내 마음이 아이에게 전해지길 바란다. 3. 조용한 방 안에서 서로의 눈빛이 교감하고 있다.
train_37,"연애,결혼,출산",슬픔,슬픔,다음 달이 출산 예정일인데 이제는 옛날로 돌아갈 수 없다는 게 슬퍼. 어떤 옛날로 돌아가실 수 없다고 생각하시나요? 응. 사실 내가 놀러 다니는 것도 좋아하는데 주변 사람들을 보면 아기 낳고 나면 자기 삶이 없어지는 것 같더라고. 그렇게 생각하실 수 있겠네요. 또 다른 걱정이 있으신가요? 내가 아기를 잘 케어하고 엄마가 되었다는 것에 잘 적응할 수 있을까? 이런 고민을 해. 그런 고민을 하고 계시는군요. 잘하실 수 있을 거예요.,"다음 달에 아기를 낳게 된다는 생각에 슬프기도 하고, 기대되기도 해. 주변에서 아기를 낳고 나면 자기 삶이 없어지는 것 같다고 하더라. 나도 그런 걱정이 드는 건 사실이야. 아기를 잘 케어할 수 있을지, 엄마로서 잘 적응할 수 있을지 고민이 많아. 그래도 잘할 수 있을 거라고 믿어.","1. 아기가 태어날 날이 다가오고, 마음이 복잡해진다. 2. 주변의 이야기들이 머릿속을 맴돈다. 3. 아기를 잘 돌볼 수 있을지 고민하는 모습이 떠오른다."
train_38,"연애,결혼,출산",기쁨,감사하는,오늘 나의 아기가 태어났어. 무사히 태어나서 정말 고맙고 기특해. 엄청 행복하시겠어요. 예쁜 아기를 보니 마음이 어떠신가요? 나를 닮은 얼굴을 보니 감회가 새로워. 열심히 살아야겠어. 정말 경사네요. 축하드려요.,"오늘 아기가 태어났어. 무사히 태어나서 정말 고맙고 기특해. 예쁜 아기를 보니 마음이 너무 행복하네. 나를 닮은 얼굴을 보니 감회가 새롭고, 앞으로 열심히 살아야겠다는 생각이 들어. 정말 경사로운 날이야.",1. 아기가 조용히 누워 있는 모습이 참 사랑스럽다. 2. 작은 손가락이 나를 꼭 잡고 있는 듯한 느낌이 든다. 3. 방 안이 따뜻한 햇살로 가득 차 있다.
train_39,"연애,결혼,출산",기쁨,편안한,내 아기가 자는 모습을 보니 마음이 평온해져. 아기의 자는 모습이 아주 예쁜가 보네요. 응. 하늘에서 천사가 내려오면 이렇게 생겼으려나? 아기가 매우 사랑스러워 보이겠어요. ,"오늘 아기가 자는 모습을 보니 마음이 참 평온해졌어. 아기의 자는 모습이 너무 예쁘고, 하늘에서 천사가 내려오면 이렇게 생겼을까 싶더라. 아기가 정말 사랑스러워 보였어.","1. 아기가 포근한 이불 속에서 조용히 꿈나라에 빠져 있다.
2. 작은 숨결이 방 안을 따뜻하게 감싸고 있다.
3. 부드러운 조명이 아기의 얼굴을 은은하게 비추고 있다."
train_40,"대인관계(부부, 자녀)",당황,죄책감의,우리 아이가 요즘 왜 저러나 모르겠어! 아이에게 무슨 문제라도 생겼나요? 너무 경직되어 있어서 말이야. 잘하라고 늘 강조했더니 실수할까 봐 저렇게 되었나 봐. 아이가 움츠러들었나 보네요. 해결 방안이 있을까요? 내가 잘 못 가르친 것 같아. 자신감 있게 키워 봐야지. 아이를 키우는 방식을 바꿔보려 하시는군요.,"요즘 아이가 왜 이렇게 경직되어 있는지 모르겠어. 잘하라고 계속 강조했더니, 실수할까 봐 움츠러드는 것 같아. 내가 잘 못 가르친 것 같아서 마음이 아프네. 자신감 있게 키워야겠다고 다짐했어. 아이를 키우는 방식을 조금 바꿔보려 해.","1. 아이가 긴장한 듯 움츠러들어 있다. 2. 엄마의 걱정 어린 눈빛이 아이를 바라보고 있다. 3. 방 안은 조용하고, 아이의 작은 숨소리만 들린다."
train_43,"대인관계(부부, 자녀)",슬픔,후회되는,오늘 아이에게 화낸 게 신경 쓰여. 아이에게 화낸 게 후회되시는군요. 응. 좋게 말하면 될 것을 너무 심하게 말해버렸어. 어떻게 하면 아이와의 관계가 회복될 수 있을까요?,"오늘 아이에게 화내고 나서 마음이 무거워. 좋은 말로 할 수 있었는데, 너무 심하게 말해버렸어. 아이가 나를 쳐다보는 눈빛이 너무 슬퍼 보여서 마음이 아팠어. 어떻게 하면 다시 예전처럼 웃으며 놀 수 있을까 고민해봤어.","1. 아이가 슬픈 표정으로 나를 바라보고 있다. 2. 방 안은 조용하고, 아이의 작은 손이 내 손을 꼭 잡고 있다. 3. 창가에 비치는 햇살이 아이의 얼굴을 부드럽게 감싸고 있다."
train_46,"대인관계(부부, 자녀)",기쁨,자신하는,아이가 자수를 가르쳐 달라기에 허락했어. 자수를 잘 놓으시나 보군요. 어릴 때 취미로 많이 해서 자신 있지. 자녀와 취미생활을 같이해서 너무 좋으시겠어요.,"오늘 아이가 자수를 배우고 싶다고 해서 허락해줬어. 자수를 잘 놓는다고 하니, 어릴 때 취미로 많이 했던 기억이 나네. 아이와 함께 취미생활을 할 수 있어서 정말 좋다. 아이가 자수를 놓는 모습을 보니, 정말 뿌듯하더라.",1. 아이가 자수를 놓기 위해 실과 바늘을 들고 집중하고 있다. 2. 작은 손이 조심스럽게 실을 꿰고 있는 모습이 귀엽다. 3. 자수의 색깔이 화사하게 빛나며 방 안을 따뜻하게 감싼다.
train_59,"대인관계(부부, 자녀)",슬픔,눈물이 나는,오늘 아들 생일인데 아들이 잘 키워주셔서 감사하다고 하는 거야. 아들 말에 눈물이 나더라고. 아들 말에 눈물이 날 정도로 감동하셨군요. 이런 맛에 힘들어도 자식을 낳고 키우는구나 싶더라고. 힘든 만큼 보람을 느끼시는 것 같아요.,오늘 아들 생일이었어. 아들이 잘 자라줘서 고맙다고 하니까 눈물이 나더라. 그런 말 한마디에 힘든 것도 다 잊게 되네. 아들이 이렇게 자라는 모습을 보니 정말 보람차고 행복해.,1. 아들이 생일 케이크 앞에서 환하게 웃고 있다. 2. 작은 손으로 촛불을 끄는 모습이 사랑스럽다. 3. 가족이 함께 모여 아들의 생일을 축하하는 따뜻한 분위기가 느껴진다.
train_63,"연애,결혼,출산",슬픔,우울한,아기는 너무 예쁘지만 가끔 혼자 있고 싶어. 너무 답답해. 정말 아기가 예뻐도 종일 같이 있으려면 정말 힘드시겠어요. 아기가 싫거나 미워서 그런 게 아닌데 아기한테도 미안해. 아기한테도 죄책감이 느껴져서 힘드실 것 같아요. 최대한 부정적인 감정 안 가지려고 노력하는데도 스트레스가 머리 꼭대기까지 차오를 때가 있어. 주위에 도움받을 곳이 없으셔서 더 힘드실 것 같아요. 마음을 나눌 사람이 있나요?,"아기가 너무 예쁘긴 한데, 가끔 혼자 있고 싶을 때가 있어. 하루 종일 아기랑 같이 있으려니 힘들 때도 많더라. 아기한테 미안한 마음이 드는 건 어쩔 수 없네. 그래도 최대한 긍정적으로 생각하려고 노력하는데, 스트레스가 쌓일 때가 있어. 주위에 도움받을 사람이 없어서 더 힘든 것 같아.","1. 아기가 예쁜 얼굴로 나를 바라보고 있다. 2. 방 안은 조용하고, 아기의 작은 숨소리가 들린다. 3. 아기와 함께 있는 시간이 가끔은 힘들기도 하다."
train_67,"연애,결혼,출산",기쁨,흥분,내일이면 작년에 낳은 아기의 돌잔치야. 벌써 시간이 이렇게 지났다니 정말 흥분돼. 아기가 벌써 돌이 되어서 기분이 좋으시군요. 응. 앞으로도 건강하게 잘 자랐으면 좋겠어. 저도 응원합니다.,"내일은 아기의 돌잔치야. 시간이 이렇게 빨리 지나가다니, 정말 신기해. 아기가 벌써 돌이 되다니, 기분이 너무 좋네. 앞으로도 건강하게 잘 자라길 바래.",1. 아기가 돌잔치 준비로 분주한 집안에서 웃고 있다. 2. 가족들이 아기를 축하하기 위해 모여들고 있다. 3. 아기의 얼굴에 행복한 미소가 가득하다.
train_69,"대인관계(부부, 자녀)",기쁨,편안한,아이가 게임만 해요. 아이가 게임만 해서 속상하시겠어요. 네. 저는 아이 앞일이 걱정인데 그래서 답답해요. 답답하시겠어요. 아이가 어떻게 했으면 좋으시겠어요? 저는 아이가 게임 줄이고 책을 좀 읽고 했으면 하는데. 책을 좀 읽었으면 하는 거군요.,요즘 아이가 게임만 하느라 속상해. 게임 줄이고 책도 좀 읽었으면 좋겠어. 아이 앞일이 걱정되니까 답답하네. 그래도 아이가 책 읽는 모습 상상하면 마음이 좀 편해져.,1. 아이가 소파에 앉아 게임에 몰두하고 있다. 2. 주변에는 책들이 쌓여 있어 아이가 읽지 않는 모습이 보인다. 3. 엄마는 아이를 바라보며 걱정스러운 표정을 짓고 있다.
train_77,"대인관계(부부, 자녀)",불안,조심스러운,요즘 딸아이 때문에 힘이 들어. 딸과의 마찰로 힘든 상황이시군요. 딸아이다 보니 집에 들어오는 시간이나 외출 일정 같은 거 물어보는데 자꾸 짜증을 내니 말 걸기도 무서워. 딸이라 걱정돼서 묻는 건데 짜증을 내니 말하기가 조심스러우시겠어요.,"요즘 딸이랑 자주 마찰이 생겨서 힘들어. 집에 들어오는 시간이나 외출 일정 물어보면 자꾸 짜증을 내서 말 걸기가 무서워. 딸이라 더 걱정되는데, 이렇게 되니 나도 마음이 복잡해지네.",1. 딸이 짜증을 내며 방 안에서 불편한 표정을 짓고 있다. 2. 엄마는 걱정스러운 눈빛으로 딸을 바라보고 있다. 3. 집안은 조용하지만 긴장감이 감돌고 있다.
train_81,"대인관계(부부, 자녀)",기쁨,만족스러운,아이들과 친하게 지낼 수 있어서 좋아! 아이들과 사이좋게 지내게 되어 아주 좋으시겠어요. 좋은 관계를 계속 유지하고 싶어. 좋은 관계를 유지하고 싶으시군요! 그러기 위해 어떤 아버지가 되고 싶으신가요? 아이들을 잘 이해하는 아빠가 되고 싶어. 아이들의 말을 잘 들어주는 사려 깊은 아버지가 되고 싶으신 것 같아요!,"아이들과 친하게 지낼 수 있어서 정말 좋아. 아이들이랑 사이좋게 지내는 게 얼마나 중요한지 느끼고 있어. 아이들의 말을 잘 들어주고, 이해해주는 아빠가 되고 싶어. 오늘도 아이들이랑 함께 놀면서 좋은 관계를 계속 유지하고 싶다는 생각이 들었어.",1. 아이들이 웃으며 놀고 있는 모습이 참 사랑스럽다. 2. 아이들의 목소리가 방 안에 가득 차서 따뜻한 분위기를 만든다. 3. 아이들과의 소중한 순간들이 마음을 편안하게 해준다.
train_89,"연애,결혼,출산",기쁨,만족스러운,나 얼마 전에 딸아이가 태어났어. 딸아이가 태어났군요. 가정에 행복이 가득하겠어요. 요즘 내 삶의 만족도가 최고인 거 같아. 따님의 탄생이 삶의 만족도를 최고로 끌어올려 주는군요. 앞으로 우리 아이를 위해서 열심히 살 거야. 따님의 탄생으로 삶의 만족도가 오르셨군요.,"얼마 전에 딸아이가 태어났어. 이제 내 삶이 정말 행복해졌어. 아기를 위해서 더 열심히 살아야겠다는 생각이 들어. 아기가 내 곁에 있다는 것만으로도 이렇게 기분이 좋다니, 정말 신기해.","1. 아기가 태어난 지 얼마 되지 않아, 방 안이 따뜻한 행복으로 가득 차 있다. 2. 엄마의 얼굴에 미소가 가득하고, 아기를 바라보는 눈빛이 사랑스럽다. 3. 아기의 존재가 엄마의 삶에 큰 기쁨을 주고 있다."
train_94,"대인관계(부부, 자녀)",기쁨,만족스러운,최근 아들에게 자전거를 한 대 사줬어. 자전거를 사줘서 자녀분이 많이 좋아하시겠군요. 요즘에는 매일 자전거 타러 가자고 해. 그래서인지 아들하고 더 친해진 것 같아. 아드님과 함께 자전거를 타며 가까워지고 계시는군요. 어디로 자전거를 타러 가시나요? 동네 놀이터에서 타는데 아주 행복한 생활이야. 아들과 행복한 시간을 보내고 계시는군요.,"최근에 아들에게 자전거를 사줬어. 자전거를 타고 놀이터에 가면 아들이 정말 신나하더라. 매일 자전거 타러 가자고 조르는데, 그 모습이 너무 귀여워. 아들과 함께 자전거를 타면서 더 가까워진 것 같아. 행복한 시간이 계속되고 있어.",1. 아들이 자전거를 타고 신나게 놀이터로 달려간다. 2. 자전거 바퀴가 땅을 가르며 경쾌한 소리를 낸다. 3. 아들의 얼굴에 환한 미소가 가득하다.
train_95,"연애,결혼,출산",당황,혼란스러운,아기는 처음 가져봐서 혼란스러워. 아이의 탄생으로 걱정이 많으시군요. 아이의 마음을 읽기가 너무 어렵네. 어떤 부분에서 어려움이 있으신가요? 아이가 울 때마다 이유를 알기가 쉽지 않아. 아이가 울 때 이유를 알 수 없어 답답하시겠네요.,아기를 처음 키우다 보니 혼란스러워. 아이가 울 때마다 이유를 알기가 너무 어렵네. 가끔은 답답하기도 해. 그래도 아이의 마음을 읽으려고 노력하고 있어. 오늘도 아기와 함께하는 시간이 소중하다는 걸 느꼈어.,1. 아기가 울고 있는 모습이 안쓰럽다. 2. 엄마가 아기를 안고 다독이며 마음을 전하고 있다. 3. 방 안은 따뜻한 분위기로 가득 차 있다.
train_97,"연애,결혼,출산",기쁨,흥분,곧 아기가 태어날 것 같아서 흥분된다. 아기가 곧 태어날 생각에 많이 들뜨셨나 봐요. 날 닮으면 정말 예쁠 거야. 사용자님을 닮아 예쁠 아기를 볼 생각에 두근거리시는군요.,아기가 곧 태어날 생각에 정말 흥분돼. 날 닮으면 예쁠 거라는 생각에 두근거려. 아기가 내 품에 안길 날이 기다려져서 마음이 설레네.,1. 아기가 태어날 날을 기다리며 설레는 마음이 가득하다. 2. 엄마의 얼굴에 미소가 번지며 기대감이 느껴진다. 3. 따뜻한 햇살이 방 안을 부드럽게 감싸고 있다.
train_98,"대인관계(부부, 자녀)",기쁨,기쁨,아이와 여행 다녀왔어. 아이와 여행을 다녀오셨군요. 자세히 말씀해 주세요. 아이와 여행을 가서 시간을 많이 보냈어. 너무 즐겁고 좋았지. 아이와 함께 시간을 보내 즐거우신 것 같아요. 어떤 점이 좋으셨나요? 아이에게 추억을 많이 쌓아준 것 같아 너무 뿌듯하고 행복해. 아이에게 추억이 생긴 것이 기쁘셨군요.,"아이와 함께 여행 다녀왔어. 아이가 신나서 여기저기 뛰어다니고, 웃는 모습이 너무 예쁘더라. 추억을 많이 쌓아준 것 같아서 뿌듯하고 행복해. 아이와의 소중한 시간이 정말 소중하게 느껴졌어.",1. 아이가 여행지에서 신나게 뛰어다니며 웃고 있다. 2. 주변 풍경이 아이의 즐거운 표정과 어우러져 있다. 3. 따뜻한 햇살 아래에서 아이와 함께하는 순간이 특별하게 느껴진다.
train_99,"대인관계(부부, 자녀)",당황,죄책감의,나만 좋자고 바쁘게 살아온 게 아닌데 우리 딸내미한테 미안해 죽겠어. 나는 따님에게 미안함을 느끼고 있군요. 부모 참관일에 내가 일 때문에 늦었는데 우리 딸만 혼자 남아있더라고. 날 보며 웃는데 마음이 너무 아팠어. 참관일에 늦었는데 명현님을 보고 웃는 따님을 보니 미안한 마음이 더욱 커졌군요.,"오늘 부모 참관일에 늦어서 딸이 혼자 남아있었어. 나를 보며 웃는 딸을 보니 마음이 아팠어. 미안한 마음이 가득했지만, 그 웃음이 너무 예뻤어. 앞으로 더 많이 함께해주고 싶어.",1. 딸이 혼자 남아있던 교실에서 나를 보며 환하게 웃고 있다. 2. 그 웃음이 나의 마음을 따뜻하게 감싸준다. 3. 부모 참관일의 긴장감 속에서도 아이의 순수한 미소가 빛난다.
train_105,"대인관계(부부, 자녀)",불안,걱정스러운,우리 딸은 남의 시선을 의식하지 않고 막 행동해서 걱정이야. 따님이 제멋대로 행동하는 것처럼 보여 걱정이시군요. 무슨 문제라도 발생했었나요? 버스 안에서 지나치게 오래 통화해서 내가 조금 혼을 냈어. 따님이 타인을 좀 더 배려하는 마음에서 혼을 내셨던 거군요.,"오늘 딸이 버스 안에서 통화하는 걸 보고 조금 걱정이 됐어. 다른 사람들 시선은 전혀 의식하지 않고 제멋대로 행동하더라. 그래서 혼을 좀 내줬지. 그래도 그런 모습이 귀엽기도 하고, 나중에 더 배려하는 마음을 가졌으면 좋겠어.",1. 딸이 버스 안에서 통화하며 주변을 전혀 신경 쓰지 않는다. 2. 엄마가 딸에게 혼을 내는 모습이 보인다. 3. 버스 안의 다른 승객들이 딸의 행동을 바라보고 있다.
train_108,"대인관계(부부, 자녀)",기쁨,느긋,아이가 공부는 못하지만 운동은 되게 잘해서 다행이야. 아이가 공부보다 운동을 잘해서 안도하고 계시는군요. 무엇 때문에 그렇게 생각하실까요? 애들은 책상에 앉아서 공부하는 것보다 건강한 게 중요하다고 생각하거든. 자식에게 있어 건강이 가장 중요한 요소라고 생각하시는군요. 아이가 운동을 잘하는 만큼 좋아도 하나요? 잘하기도 하지만 누구보다 좋아하는 것 같아. 그래서 지금은 여러 운동을 최대한 많이 시켜보려고 해. 아이가 좋아하는 일을 많이 시켜줄 수 있는 부모가 되고자 결심하셨군요.,"오늘 아이가 운동하는 모습을 보니까 정말 기쁘더라. 공부는 좀 부족해도 운동을 잘하는 모습이 너무 자랑스러워. 아이가 좋아하는 운동을 많이 시켜주고 싶어서 여러 가지를 시도해보려고 해. 건강하게 자라는 모습이 가장 중요하니까, 앞으로도 계속 응원해줄 거야.",1. 아이가 운동장에서 신나게 뛰어놀고 있다. 2. 밝은 햇살 아래에서 아이의 웃음소리가 가득하다. 3. 운동하는 모습이 건강하고 활기차 보인다.
train_119,"대인관계(부부, 자녀)",분노,짜증내는,아이가 아빠와는 이야기를 별로 안 해. 난 아이와 대화하고 싶은데. 자녀분이 아빠와 소통이 잘되지 않아서 속상하셨나 봐요. 게임에 빠져서 불러도 대답을 잘 안 하네. 자꾸 게임만 해서 문제야. 자녀분이 게임을 많이 해서 걱정이 많으시겠어요. 게임 그만하라고 하면 짜증만 내지. 어떻게 다그쳐야 할지 고민이야. 아이와의 소통에 대해 고민이 많이 되겠어요.,"요즘 아이가 아빠랑은 잘 이야기 안 하네. 나랑은 대화하고 싶은데, 게임에 빠져서 불러도 대답을 잘 안 해. 게임 그만하라고 하면 짜증만 내고, 어떻게 다그쳐야 할지 고민이야. 아이와 소통하는 게 이렇게 힘든 줄 몰랐어.",1. 아이가 게임에 몰두해 있는 모습이 보인다. 2. 방 안은 게임 소리로 가득 차 있다. 3. 아이의 표정은 짜증이 가득해 보인다.
train_121,"연애,결혼,출산",당황,죄책감의,아이가 조산으로 태어났어. 아이한테 정말 미안해. 아이가 조산으로 태어나 아이에게 미안하군요. 내가 몸 관리를 잘못한 거 같아 죄책감이 들어. 아이에게 죄책감을 느끼지 않으려면 어떻게 해야 할까요? 아이가 건강하게 병원에서 퇴원하면 정말 잘 키울 거야. 건강하게 자라도록 열심히 노력해야지. 아이를 위해 정성을 다하는 만큼 건강히 자랄 거에요. 응원할게요.,"오늘 아이가 조산으로 태어난 걸 생각하니 마음이 아프네. 내가 몸 관리를 잘 못한 것 같아서 미안한 마음이 들어. 그래도 아이가 건강하게 퇴원하면 정말 잘 키울 거야. 아이를 위해 정성을 다할 거고, 건강하게 자라도록 열심히 노력할 거야. 응원해줘서 고마워.",1. 아기가 병원 침대에서 조용히 누워 있다. 2. 작은 손가락이 가끔씩 움직이며 꿈꾸는 듯하다. 3. 병실의 조명이 부드럽게 아이의 얼굴을 감싸고 있다.
train_125,"연애,결혼,출산",기쁨,편안한,곧 둘째가 태어나는데 생각만큼 떨리진 않네. 이미 한 번 경험하셔서 마음이 놓이시나 봐요. 맞아. 의사 선생님도 잘 아는 분이라 믿음이 가거든. 아이가 태어나면 뭘 가장 하고 싶으세요? 우리 큰애랑 같이 사진 찍어두고 싶어. 앞으로 아이와 함께 즐거운 시간 보내시면 좋겠네요.,"둘째가 곧 태어난다니 설레기도 하고, 한편으론 마음이 놓이네. 큰애랑 사진도 찍고, 앞으로 아이와 함께 즐거운 시간 보내고 싶어. 생각보다 떨리지 않아서 다행이야. 의사 선생님도 믿을 수 있는 분이라 더 안심이 돼.",1. 큰애와 함께 사진을 찍기 위해 미소를 지으며 기다리고 있다. 2. 따뜻한 햇살이 방 안을 가득 채우고 있다. 3. 아이의 탄생을 기다리는 설렘이 가득한 모습이다.
train_130,"연애,결혼,출산",기쁨,기쁨,왜 다들 부모가 되는 것에 큰 의미를 두는지 알겠어. 왜 그렇게 생각하셨는지 이유를 여쭤보아도 될까요? 최근에 아이가 생겼는데 너무 예뻐. 내 삶에 의미가 생긴 기분이야. 아이가 생기고 나서 삶의 의미를 찾으셨군요. 응 삶에 의욕이 생겼어. 아이를 위해서라면 뭐든 할 수 있을 것 같아. 아이를 위해 최선을 다하겠다고 결심하셨군요.,"요즘 아이가 너무 예뻐서 매일매일 사랑스럽게 바라보게 돼. 아이가 내 삶에 의미를 주는 것 같아. 아이를 위해서라면 뭐든 할 수 있을 것 같은 기분이야. 이렇게 소중한 존재가 생기니, 매일매일이 새롭고 행복해.",1. 아기가 엄마의 품에서 편안하게 잠들어 있다. 2. 아이의 작은 손가락이 엄마의 손을 꼭 잡고 있다. 3. 방 안은 따뜻한 조명으로 아기의 얼굴을 부드럽게 감싸고 있다.
train_135,"대인관계(부부, 자녀)",상처,질투하는,우리 애는 나보다 아빠를 더 좋아해. 아빠를 더 좋아해서 싫으신가요? 그건 아닌데 내가 더 자기를 위해 해준 게 많은데 잠깐 보는 아빠를 더 좋아하니 질투 나지. 엄마를 더 좋아하게 하려면 어떻게 하면 될까요? 그냥 예뻐 만하고 잔소리를 안 하면 될 거야. 그렇게 하면 되는군요. 간단하긴 하네요.,"오늘 애가 아빠를 더 좋아한다고 하더라. 내가 더 많이 챙겨주고 사랑해주는데, 아빠를 잠깐 보는 것만으로도 그렇게 좋아하니 질투가 나네. 예쁘게 대해주고 잔소리 안 하면 더 좋아할 수 있다고 하니, 그렇게 해봐야겠다.",1. 아이가 아빠를 보며 환하게 웃고 있다. 2. 엄마가 아이를 바라보며 질투 섞인 미소를 짓고 있다. 3. 따뜻한 햇살이 방 안을 부드럽게 감싸고 있다.
train_137,"대인관계(부부, 자녀)",당황,한심한,우리 아이가 매일 티브이만 봐서 걱정이야. 티브이만 보는 아이가 걱정스러우신가 봐요. 시간이 있을 때 책도 읽고 그러면 좋겠는데 온종일 티브이만 봐. 아이가 읽었으면 하는 책이 있으신가요? 응. 나는 세계 명작을 읽히고 싶어. 오늘부터라도 내가 먼저 읽는 모습을 보여줘야겠어. 멋진 생각이세요. 책 읽는 아빠를 보면 아이도 티브이를 끄고 책을 집어 들 거예요.,"오늘 아이가 티브이만 보고 있어서 걱정이 됐어. 책도 읽고 다른 것들도 해보면 좋겠는데, 티브이 앞에만 앉아 있더라. 그래서 내가 먼저 책을 읽어주기로 했어. 아이가 나를 보고 책을 집어 들면 좋겠어. 아빠가 책 읽는 모습을 보여주면 아이도 따라 할 거야.","1. 아이가 소파에 앉아 티브이를 보고 있다.  
2. 방 안은 조용하고, 티브이에서 나오는 소리만 가득하다.  
3. 엄마가 책을 들고 아이에게 보여주려는 모습이 보인다."
train_140,"대인관계(부부, 자녀)",불안,불안,요즘 아들이 나랑 대화하려고 하지 않아 불안해. 대화를 안 한 지 오래되셨나 봐요? 아니. 최근 한 달 정도 된 거 같아. 아들한테 무슨 나쁜 일이 있는 건 아닐까? 한 달이면 꽤 오랜 시간이 지났네요. 계속 지켜보실 건가요? 아들이 관심 있는 걸 찾아서 같이 하면서 자연스럽게 대화해 봐야 할 거 같아. 좋은 생각이세요. 꼭 좋은 결과 있으실 거예요.,요즘 아들이 나랑 대화하려고 하지 않아서 좀 불안했어. 한 달 정도 대화를 안 한 것 같아. 아들이 무슨 나쁜 일이 있는 건 아닐까 걱정했지. 그래서 아들이 좋아하는 걸 찾아서 같이 해보려고 해. 자연스럽게 대화도 할 수 있을 것 같아.,"1. 아들이 나와 대화하지 않고 조용히 시간을 보내고 있다. 2. 방 안은 조용하고, 아들의 표정은 조금 어두워 보인다. 3. 아들이 좋아하는 장난감이 방 한쪽에 놓여 있다."
train_145,"대인관계(부부, 자녀)",기쁨,흥분,우리 아들 장기자랑 정말 대단했어! 장기자랑이 어땠는데요? 춤추고 노래를 불렀는데 대상을 받았지 뭐야! 장기자랑에서 아들이 대상을 탄 것이 너무 기쁘시군요. 오늘은 소고기 외식이다! 즐거운 식사하시길 바라요.,오늘 아들이 장기자랑에서 춤추고 노래 부르더니 대상을 받았어! 무대 위에서 신나게 뛰어다니는 모습이 정말 자랑스러웠어. 그 모습 보니까 너무 기쁘더라. 오늘은 소고기 외식도 하기로 했어. 아들이 좋아하는 고기 먹으면서 기분 좋게 하루를 마무리할 거야.,"1. 아들이 무대에서 신나게 춤추고 노래 부르고 있다.  
2. 관객들이 박수치며 아들을 응원하고 있다.  
3. 아들의 얼굴에 환한 미소가 가득하다."
train_149,"대인관계(부부, 자녀)",기쁨,안도,아들 녀석 때문에 온 집안이 난리였어. 무슨 일이에요? 좀 더 자세히 설명해 주시겠어요? 아들이 코로나 검사를 받고 왔는데 다행히 음성이 나왔다고 하네. 깜짝 놀라셨겠어요. 정말 다행이에요. 그래도 아직 가슴이 떨려. 음성 결과가 나왔으니 안심하세요. 자녀분도 많이 놀라셨겠어요.,"오늘 아들이 코로나 검사 받고 왔는데, 다행히 음성이 나왔어. 정말 깜짝 놀랐지. 가슴이 떨리긴 했지만, 이제는 안심이 돼. 아들이 놀라서 그런지, 얼굴이 좀 어두웠던 것 같아. 그래도 음성 결과를 듣고 나니 마음이 한결 편해졌어.","1. 아들이 검사 결과를 기다리며 긴장한 모습이 떠오른다. 2. 음성 결과를 듣고 안도의 한숨을 내쉬는 아들의 표정이 인상적이다. 3. 집안이 조용해지고, 따뜻한 햇살이 방 안을 감싸고 있다."
train_150,"대인관계(부부, 자녀)",분노,악의적인,딸 때문에 짜증 나 죽겠어. 따님때문에 짜증이 나시는군요. 무슨 일이 있으세요? 자기 방을 치우라고 열 번은 넘게 얘기해도 일부러 안 치우고 더 어질러 놓고 나가. 매일 딸 방까지 치우시려니 정말 힘드시겠어요. 하루 날을 잡아서 각자 방을 치워 봐야겠어. 네. 그렇게 하면 좋겠네요.,"오늘 딸 방을 치우라고 열 번도 넘게 말했는데, 결국 더 어질러 놓고 나가버렸어. 정말 짜증나지만, 이렇게 힘든 날도 있겠지. 하루 날 잡아서 같이 방을 치워보자고 생각 중이야. 그래도 딸이 웃으면서 방에 들어오면 그 순간이 참 귀엽더라.",1. 딸이 방을 어질러 놓고 나가버린 모습이 눈에 선하다. 2. 방 안은 장난감과 옷들이 뒤섞여 있어 혼란스럽다. 3. 딸의 웃음소리가 방 안에 퍼지며 따뜻한 분위기를 만든다.
train_152,"대인관계(부부, 자녀)",기쁨,편안한,어제 마트에 딸이랑 같이 갔는데 정말 편했어. 딸이랑 즐겁게 다녀오셨나 봐요.  무거운 짐도 다 들어 주고 계산도 빨라서 편했어. 딸이 대신 힘든 일을 해 주면 편하시겠어요.,"어제 마트에 딸이랑 같이 갔어. 딸이랑 즐겁게 다녀왔는데, 무거운 짐도 다 들어주고 계산도 빨리 끝났어. 딸이 힘든 일을 해주니까 정말 편했어. 그런 모습 보니까 뿌듯하더라.","1. 마트에서 엄마와 함께 장을 보는 딸의 모습이 보인다.  
2. 딸이 무거운 짐을 힘껏 들어 올리며 웃고 있다.  
3. 계산대에서 빠르게 계산을 마치는 모습이 따뜻한 분위기를 자아낸다."
train_154,"대인관계(부부, 자녀)",분노,안달하는,우리 딸이 너무 내 말을 안 듣고 자기 멋대로 해서 매일매일 싸우고 있어. 딸이 엄마 말을 안 들어서 너무 속상하시겠어요. 참고 기다려 주면 착한 딸로 돌아올 수 있을까? 참고 기다리면 딸이 돌아올까 고민이시군요. 이 문제로 상담을 해 주실 만한 분이 주변에 계실까요?,요즘 딸이 내 말을 잘 안 듣고 자기 멋대로 행동해서 매일 싸우고 있어. 속상한 마음이 가득하네. 그래도 참고 기다리면 착한 딸로 돌아올 수 있을까 고민해. 딸이 웃으면서 내 품에 안길 날을 기다려본다.,"1. 딸이 장난감을 가지고 놀며 혼자서 신나게 웃고 있다. 2. 엄마와의 대화 중에 딸의 표정이 불만 가득해 보인다. 3. 방 안은 장난감으로 어지럽혀져 있고, 엄마는 딸을 바라보며 고민에 잠겨 있다."
train_157,"대인관계(부부, 자녀)",당황,한심한,딸들이 공부는 안 하고 맨날 누워서 잠만 자는 모습만 보여 줘서 너무 한심해. 딸들의 나태한 모습을 보는 게 싫으시겠어요. 대화는 해 보셨나요? 노력해 봤지만 내 말을 듣는지 마는지 변하는 게 없어. 딸들의 무반응에 더 스트레스받으시겠어요. 잠은 밤에나 자야지 어린애들이 무슨 잠을 그렇게 많이 잔대. 딸들의 잠자는 습관에 불만이 많으시네요.,"딸들이 공부는 안 하고 맨날 누워서 잠만 자는 모습이 너무 한심해. 이렇게 나태하게 지내는 걸 보니 마음이 아프네. 밤에 자야 할 시간에 낮잠을 자고 있으니, 대체 언제 공부를 할까? 대화도 해보려고 했지만, 딸들은 무반응이야. 이렇게 잠만 자는 모습이 계속되면 걱정이 많아지네.","1. 딸들이 소파에 누워서 깊은 잠에 빠져 있다. 2. 방 안은 조용하고, 아이들의 고요한 숨소리가 들린다. 3. 햇살이 창문을 통해 들어와 아이들의 얼굴을 부드럽게 감싸고 있다."
train_163,"대인관계(부부, 자녀)",슬픔,실망한,우리 아이 때문에 정말 속상해. 아이에게 무슨 일이 있었나요? 미술 대회에서 상을 받지 못했다고 이제 그림 그리는 건 그만두겠다는 거야. 어떻게 한 번 못 받았다고 쉽게 포기하는지 정말 실망했어. 아이가 쉽게 포기하는 모습에 실망하셨군요.,오늘 아이가 미술 대회에서 상을 못 받아서 많이 속상해했어. 그림 그리는 걸 그만두겠다고 하더라. 한 번 못 받았다고 쉽게 포기하는 모습에 정말 실망했어. 그래도 다시 도전해보라고 응원해줘야겠어.,1. 아이가 미술 대회에서 상을 받지 못해 슬퍼하고 있다. 2. 아이의 얼굴에 실망감이 가득하다. 3. 아이가 그림 그리는 것을 포기하겠다고 말하고 있다.
train_174,"대인관계(부부, 자녀)",기쁨,안도,딸이 나랑 말을 안 해서 날 싫어하는 줄 알았어. 마음이 몹시 아프셨겠어요. 어떤 방법이 해결책이 될 수 있을까요? 힘들었는데 알고 보니 나 때문이 아니더라고. 딸과 대화를 많이 하려고. 다행이에요. 대화가 큰 도움이 되는군요!,"딸이 나랑 말을 안 해서 마음이 아팠어. 내가 뭘 잘못했나 고민했는데, 알고 보니 그게 아니더라고. 이제는 딸과 대화를 많이 하려고 해. 대화가 이렇게 큰 도움이 될 줄 몰랐어.",1. 엄마가 딸과 대화를 나누기 위해 노력하고 있다. 2. 딸의 표정이 점점 밝아지고 있다. 3. 따뜻한 분위기 속에서 서로의 마음을 나누고 있다.
train_176,"대인관계(부부, 자녀)",슬픔,후회되는,아이들을 너무 나무라지 말아야 했는데 후회되네! 어떤 일 때문에 아이들을 혼내셨나요? 하도 시끄럽게 집에서 쿵쿵 뛰어다녀서. 층간 소음 때문에 걱정돼서 그러셨군요. 좀 더 부드럽게 이야기할 수도 있었는데. 아이들에 대한 사랑이 가득하시군요.,"아이들을 너무 나무라지 말아야 했는데, 후회가 되네. 오늘은 집에서 쿵쿵 뛰어다니는 소리에 걱정이 많았어. 층간 소음 때문에 이웃에게 미안한 마음이 들어서 혼내버렸지. 좀 더 부드럽게 이야기할 걸 그랬어. 아이들에 대한 사랑이 가득한데, 그걸 잘 표현하지 못한 것 같아.",1. 아이들이 집 안에서 신나게 뛰어다니며 소란을 피우고 있다. 2. 엄마는 걱정스러운 표정으로 아이들을 바라보고 있다. 3. 방 안은 아이들의 웃음소리로 가득 차 있다.
train_179,"대인관계(부부, 자녀)",기쁨,편안한,아이들과 함께 주말을 집에서 보내니 편안하고 너무 좋아. 집에서 아이들과 함께 즐거운 주말을 보내고 계시는군요. 요즘은 집안일을 가족들이 도와주니 스트레스도 없고 너무 편해졌어. 가족들의 도움이 스트레스 해소에 큰 도움이 되는군요.,"주말에 아이들이랑 집에서 편안하게 시간을 보냈어. 가족들이 도와주니까 집안일도 훨씬 수월해졌고, 스트레스가 확 줄어들었어. 아이들이랑 함께 웃고 떠드는 시간이 정말 소중하더라.",1. 아이들이 집안에서 즐겁게 놀고 있다. 2. 가족들이 함께 집안일을 도와주고 있다. 3. 따뜻한 분위기 속에서 서로의 웃음소리가 가득하다.
train_180,"대인관계(부부, 자녀)",분노,짜증내는,저녁 식사 때 아들이 밥투정해서 야단을 쳤어. 아들의 밥투정으로 마음이 상하셨군요. 그러고 싶지 않았지만 나도 갑자기 짜증이 나서 말싸움을 심하게 했어. 아드님과 어떻게 화해하실 생각이신가요?,"오늘 저녁에 아들이 밥투정해서 정말 힘들었어. 밥을 안 먹겠다고 고집 부리니까 나도 화가 나서 큰소리로 싸우게 됐네. 아들이 울면서 나를 쳐다보는 모습이 마음 아팠어. 결국 서로 미안하다고 하면서 화해했지만, 이런 일이 반복되면 어떡하지 싶어.",1. 아들이 밥을 먹지 않겠다고 고집을 부리고 있다. 2. 엄마가 화가 나서 큰소리로 말싸움을 하고 있다. 3. 아들이 울면서 엄마를 바라보는 모습이 안타깝다.
train_183,"대인관계(부부, 자녀)",상처,질투하는,애들이 아빠만 좋아해. 신경질 나. 아이들이 아빠만 좋아해서 속상하시군요? 특별한 상황이 있었나요? 난 늘 잔소리만 하고 아빠는 무조건 다 들어주니까 아이들이 아빠만 좋아해. 아이들을 위해 잔소리를 했는데 그 마음을 아이들이 몰라 주니 답답하시겠어요.,"오늘 아이들이 아빠랑 놀고 있는 모습을 보니까 속상하더라. 아빠는 항상 아이들한테 좋은 것만 해주니까, 나는 잔소리만 하게 되고. 아이들이 아빠한테만 가는 걸 보니 마음이 아프네. 그래도 아이들이 행복해하는 모습은 예쁘긴 해.",1. 아이들이 아빠와 함께 웃으며 놀고 있다. 2. 아빠가 아이들에게 장난감을 주며 즐거운 시간을 보내고 있다. 3. 엄마는 그 모습을 보며 복잡한 감정을 느끼고 있다.
train_185,"연애,결혼,출산",상처,고립된,아기를 낳고 혼자 갇혀 있는 기분이 들어서 우울해. 아기 키우는 게 정말 힘들다고 해요. 우울함을 극복하기 위해 혹시 하는 일이 있나요? 하루에 한 번씩 꼭 산책하려고 해. 풍경을 바라보면 기분이 좀 나아지거든. 산책으로 육아 스트레스를 푸시는군요.,"요즘 아기를 키우면서 혼자 있는 기분이 드는 날이 많아. 우울한 기분을 이겨내려고 하루에 한 번은 꼭 산책을 나가. 바람을 느끼고 풍경을 바라보면 기분이 좀 나아지더라. 아기와 함께 나가면 더 좋을 것 같은데, 아직은 혼자 나가야 해.","1. 엄마가 아기를 안고 산책을 나가고 있다.  
2. 바람이 살랑살랑 불어오고, 주변 풍경이 눈에 들어온다.  
3. 아기의 작은 손이 엄마의 손을 꼭 잡고 있다."
train_195,"대인관계(부부, 자녀)",슬픔,우울한,요즘 딸이 무슨 말만 하면 화를 내서 너무 우울해. 따님의 태도 때문에 우울하시군요. 자세히 어떤 일인가요? 내 딴에는 요즘 힘들어 보여서 말을 걸고 도와주려 한 건데 딸은 그걸 간섭이라 생각하나 봐. 딸이 오해해서 무척 속상하셨을 것 같습니다. 앞으로 어떻게 하면 좋을까요?,"요즘 딸이 무슨 말을 해도 화를 내서 나도 많이 우울해. 내가 도와주려고 했는데, 딸은 그걸 간섭으로 느끼나 봐. 속상한 마음이 가득해. 딸이 나를 오해하는 것 같아서 마음이 아프다.","1. 딸이 화가 나서 얼굴을 찡그리고 있다.  
2. 엄마는 딸을 바라보며 안타까운 마음을 느끼고 있다.  
3. 방 안은 조용하고, 두 사람 사이에 어색한 공기가 흐르고 있다."
train_198,"대인관계(부부, 자녀)",불안,걱정스러운,딸이 짧은 치마를 입고 외출하려고 해서 남의 시선이 의식돼. 노출 있는 옷이라 타인의 시선이 의식되었군요. 응. 그래서 옷을 갈아입는 게 어떻겠냐고 했어. 옷을 갈아입고 나갔나요? 처음엔 싫어했지만 설득해서 갈아입고 나갔어. 설득이 받아들여져서 안심하셨겠어요.,"오늘 딸이 짧은 치마를 입고 나가려고 해서 좀 걱정했어. 남의 시선이 신경 쓰였거든. 그래서 옷을 갈아입는 게 어떻겠냐고 했더니 처음엔 싫어했지만, 내가 설득하니까 결국 갈아입고 나갔어. 안심이 되더라.","1. 딸이 짧은 치마를 입고 거울 앞에서 고민하고 있다.  
2. 엄마가 딸에게 다른 옷을 제안하며 부드럽게 이야기하고 있다.  
3. 딸이 옷을 갈아입고 나가려는 모습이 보인다."
train_202,"연애,결혼,출산",기쁨,안도,첫 아이가 건강하게 태어났어. 아이가 건강해서 기쁘시겠어요. 출산하시느라 고생 많으셨어요. 경험이 없어서 이런저런 걱정이 많았는데 정말 다행이야. 이제 마음이 놓이시겠어요.,"오늘 첫 아이가 건강하게 태어났어. 정말 기쁘고, 그동안 걱정했던 것들이 다 사라진 것 같아. 아기가 건강하니 마음이 놓이네. 출산하면서 힘들었던 기억도 잊혀지고, 이제 아기와 함께하는 새로운 시작이 기대돼.",1. 아기가 건강하게 태어나서 부모의 얼굴에 미소가 가득하다. 2. 병원 침대 옆에 놓인 아기 옷과 용품들이 정리되어 있다. 3. 따뜻한 조명이 아기와 엄마를 부드럽게 감싸고 있다.
train_209,"연애,결혼,출산",불안,취약한,나는 유독 아기 돌보는 데는 자신이 없어. 아기를 돌보는 것에 취약하다고 느끼시는 것 같아요. 내가 낳은 아기임에도 울거나 보채기만 하면 온몸이 마비돼 버려. 아이가 울 때 불안함을 느끼시나 보군요. 응. 너무 무서워 아기가. 이 문제에 대해 도움을 받을 수 있는 사람이 있었으면 좋겠네요.,"오늘 아기를 돌보는 게 너무 힘들었어. 아기가 울 때마다 가슴이 철렁 내려앉고, 어떻게 해야 할지 모르겠더라. 내가 낳은 아기인데도 이렇게 불안한 기분이 드는 건 처음이야. 누군가 도와줬으면 좋겠다는 생각이 자꾸 들어.",1. 아기가 울고 있어 엄마의 마음이 무겁다. 2. 방 안은 조용하지만 긴장감이 감돈다. 3. 아기의 작은 손이 엄마의 손을 꼭 잡고 있다.
train_211,"연애,결혼,출산",기쁨,신뢰하는,출산 도우미 아주머니가 너무 마음에 들어! 도우미 아주머니가 마음에 드시나 보네요. 잘된 일이에요. 응! 아기도 너무 잘 봐주시고 일도 너무 척척 잘하시니깐 믿음이 가더라고. 몸도 마음도 힘들 시기인데 도움이 되시는 분을 만나 정말 다행이에요. 그래서 이번에 선물을 하나 드리려고! 감사한 마음을 표현할 수 있는 선물을 고르시길 바라요.,"오늘 출산 도우미 아주머니가 정말 마음에 들어! 아기가 잘 보살펴 주시고, 일도 척척 잘하시니 믿음이 가더라고. 힘든 시기에 이렇게 도움이 되는 분을 만나서 정말 다행이야. 그래서 감사한 마음으로 선물을 하나 드리려고 해. 아기와 함께하는 시간이 더 소중하게 느껴져.",1. 아기가 도우미 아주머니의 품에서 편안하게 잠들어 있다. 2. 따뜻한 조명이 방 안을 부드럽게 감싸고 있다. 3. 엄마가 아기와 함께하는 소중한 순간을 간직하고 있다.
train_213,"연애,결혼,출산",슬픔,눈물이 나는,아이가 오늘 크게 다쳐서 병원에 왔어. 병원에 갈 정도로 아이가 아프다니 마음이 안 좋으셨겠어요. 응. 내가 잘 돌보지 못한 것 같아. 미안해서 눈물이 나네. 아이가 다쳐 슬프시군요. 응. 너무 미안해서 눈물이 나. 주위에 곁에 있어 줄 사람이 있었으면 좋겠네요.,"오늘 아이가 크게 다쳐서 병원에 갔어. 마음이 너무 아프고 미안해서 눈물이 나더라. 아이가 아프다니 정말 슬프고, 주위에 누군가 곁에 있어줬으면 좋겠어. 이렇게 힘든 순간이 오다니, 내가 더 잘 돌봐야겠다는 생각이 들어.",1. 아이가 병원에서 치료를 받고 있다. 2. 엄마의 눈가에 맺힌 눈물이 아이의 아픔을 대신하고 있다. 3. 병원 대기실의 차가운 공기가 마음을 더욱 무겁게 한다.
train_220,"연애,결혼,출산",기쁨,느긋,병원서 검진 받았는데 아이가 건강하게 태어나겠다고 의사 선생님이 그랬어. 건강한 아이가 태어나 기쁘시겠어요. 의사 선생님에게 막상 듣고 나니 실감이 나서 더 기뻤어. 앞으로 무엇을 할 수 있을까요? 바르고 긍정적인 생각을 하고 말과 행동 역시 잘해야겠다고 생각했어. 앞으로도 바르고 긍정적인 생각을 갖기를 바랄게요.,오늘 병원에서 검진 받았는데 의사 선생님이 아기가 건강하게 태어난다고 하셨어. 그 말을 듣고 나니 정말 기쁘더라. 앞으로는 긍정적인 생각을 하면서 아이에게 좋은 말과 행동을 보여줘야겠다고 다짐했어. 아기가 건강하게 태어나길 바라는 마음이 더 커졌어.,"1. 병원 대기실에서 의사 선생님과 상담을 하고 있다.  
2. 엄마의 얼굴에 기쁜 미소가 가득하다.  
3. 아기의 건강을 기원하는 따뜻한 마음이 느껴진다."
train_228,"대인관계(부부, 자녀)",분노,짜증내는,아들 방에 빼곡히 붙여놓은 아이돌 포스터를 보면 한숨이 나와. 아들 방에 있는 아이돌 포스터 때문에 기분이 안 좋으시겠어요. 혼을 내도 차분하게 말해도 바뀔 생각이 없네. 어쩜 좋을까? 어떤 방법이 좋은 방법이라 생각하세요? 아들이 평소에 키우고 싶어 하던 강아지를 선물하면서 대화해봐야겠어. 아들과의 대화로 잘 해결됐으면 좋겠어요.,아들 방에 붙어 있는 아이돌 포스터를 보면 한숨이 나와. 혼내도 차분하게 말해도 아들은 전혀 바뀔 생각이 없네. 그래서 아들이 키우고 싶어 하던 강아지를 선물하면서 대화해보려고 해. 아들과의 대화로 잘 해결됐으면 좋겠어.,1. 아들 방의 벽에는 다양한 아이돌 포스터가 빼곡히 붙어 있다. 2. 포스터 사이로 아들의 작은 장난감들이 흩어져 있다. 3. 방 안은 아들의 취향이 가득 담긴 공간으로 따뜻한 느낌을 준다.
train_233,"대인관계(부부, 자녀)",슬픔,실망한,아들이 나보다 엄마가 좋다고 해서 슬퍼. 아들이 그렇게 말하여서 슬프시군요. 평소에 아들하고 잘 놀아주시나요? 잘은 아니더라도 조금은 놀아줘. 그러시군요. 아들의 선택을 받기 위해선 무엇을 하면 좋을까요? 내가 조금 더 노력해서 놀아줘야 할 것 같아. 아들과 더 시간을 보내려고 하시는군요.,"오늘 아들이 나보다 엄마가 좋다고 해서 슬펐어. 그래도 아들과 더 놀아주려고 노력해야겠다는 생각이 들더라. 아들이 웃는 모습을 보면 힘이 나니까, 앞으로 더 많은 시간을 함께 보내야지.",1. 아들이 엄마에게 웃으며 다가온다. 2. 함께 놀기 위해 장난감을 꺼내는 모습이 보인다. 3. 아들이 즐거워하는 표정이 방 안을 따뜻하게 만든다.
train_234,"대인관계(부부, 자녀)",슬픔,실망한,아들이 하라던 공부는 안하고 계속 게임만 해. 아들이 게임만 하셔서 기분이 별로 안 좋으시겠어요. 기분도 별로고 아들과 멀어지는 기분이 들어. 어떻게 하면 이 상황을 발전시킬 수 있을까요? 아들과 가까워지도록 대화를 나눠보던가 재미있게 놀아야 할 거 같아. 관계가 더 가까워지셨으면 좋겠어요.,"요즘 아들이 공부는 안 하고 게임만 하네. 게임하는 모습이 너무 집중해서 신나 보이긴 한데, 나도 좀 걱정이 돼. 아들과의 거리가 점점 멀어지는 것 같아서 마음이 아프다. 그래서 오늘은 아들과 대화도 많이 해보고, 재미있게 놀아보려고 해. 관계가 더 가까워지면 좋겠어.",1. 아들이 게임에 몰두해 있는 모습이 눈에 띈다. 2. 아들의 얼굴에 즐거움이 가득 차 있다. 3. 엄마는 아들과의 거리를 좁히기 위해 노력하고 있다.
train_236,"연애,결혼,출산",기쁨,흥분,출산을 했는데 아기가 무사히 태어나주어서 기뻐. 아기가 무사히 태어나 정말 기쁘시겠어요. 무사히 태어나서 너무 다행이야. 아이가 무사해서 다행이시군요. 이 기쁨을 나눌 방법이 무엇이 있을까요? 빨리 가족들에게 연락을 해야겠어. 가족들과의 대화로 기쁨을 배로 나누었으면 좋겠어요.,"오늘 아기가 무사히 태어나서 정말 기뻐. 가족들에게 이 기쁨을 빨리 전하고 싶어. 아기가 태어난 모습이 너무 사랑스럽고, 이제 우리 가족이 더 행복해질 것 같아. 아기와 함께하는 모든 순간이 소중하게 느껴져.",1. 아기가 태어난 모습이 너무 사랑스럽다. 2. 가족들과의 기쁨을 나누고 싶어하는 마음이 느껴진다. 3. 아기와 함께하는 순간들이 소중하게 다가온다.
train_237,"연애,결혼,출산",기쁨,흥분,오늘 산부인과에 다녀왔어. 너무 기뻐. 산부인과에 다녀오셔서 기쁘시군요. 자세한 이야기를 들려 주실 수 있을까요? 초음파 사진으로 아기의 얼굴이 보였어. 내 아이가 생겼다니 너무 놀라워. 새로운 가족이 생겨서 기쁘시군요. 이 기쁨을 누군가와 나눌 수 있을까요? 오늘은 엄마와 식사를 해야겠어. 엄마와의 즐거운 식사 시간이 되었으면 좋겠어요!,"오늘 산부인과에 다녀왔어. 초음파 사진에서 아기의 얼굴을 보고 너무 기뻤어. 내 아이가 생겼다니 정말 놀라워. 엄마와 함께 이 기쁨을 나누고 싶어서 맛있는 식사를 하기로 했어. 오늘은 특별한 날이니까, 엄마와의 즐거운 시간이 되었으면 좋겠어.","1. 초음파 사진 속 아기의 얼굴이 선명하게 보인다.  
2. 엄마와 함께하는 따뜻한 식사 시간이 기대된다.  
3. 기쁨이 가득한 순간이 방 안을 환하게 밝힌다."
train_241,"대인관계(부부, 자녀)",당황,당황,오늘 딸과 걷다가 손을 잡았더니 질색하며 뿌리쳤는데 당황스럽고 슬퍼. 아이가 손을 뿌리쳤다니 많이 당황스러웠겠어요. 딸에게 친근하게 다가가고자 했던 건데 아이가 불편했나 봐. 아이가 불편해했다고 생각하시는군요. 이 문제에 당황하지 않으려면 앞으로 어떻게 해야 좋을까요? 아이가 불편해할 만한 신체적 접촉은 줄여야겠어. 불편한 신체 접촉을 줄이려고 하시는군요.,"오늘 딸이랑 걷다가 손을 잡았는데, 갑자기 손을 뿌리치더라. 그 모습에 당황하고 슬펐어. 내가 친근하게 다가가고 싶었는데, 아이가 불편했나 봐. 앞으로는 신체 접촉을 좀 줄여야겠어.","1. 엄마가 딸의 손을 잡으려 했지만, 딸이 손을 뿌리쳤다.  
2. 엄마의 표정은 당황과 슬픔이 섞여 있었다.  
3. 주변은 평범한 거리 풍경으로, 두 사람의 모습이 담겨 있었다."
train_243,"대인관계(부부, 자녀)",당황,당황,오늘 딸이 내 발에 걸려 넘어지는 바람에 울어서 놀랐어. 아이가 넘어져서 다치지 않을까 많이 놀라셨겠어요. 아이가 가끔 부주의해서 종종 다치곤 해. 아이에게 부주의한 성향이 있군요. 이 문제에 관해서 어떻게 대화해야 좋을까요? 아이에게 주위를 잘 살피고 조심하라고 해야겠어. 아이에게 조심하라고 말하려고 하시는군요.,오늘 딸이 내 발에 걸려서 넘어졌어. 그 모습에 깜짝 놀라서 울더라. 아이가 가끔 부주의한 것 같아. 그래서 조심하라고 말해줘야겠어. 앞으로는 더 주위를 잘 살피고 조심했으면 좋겠어.,"1. 딸이 내 발에 걸려 넘어져서 울고 있다. 2. 아이의 얼굴에 놀란 표정이 가득하다. 3. 주변은 조용하고, 아이를 걱정하는 엄마의 모습이 보인다."
train_244,"대인관계(부부, 자녀)",기쁨,안도,딸이 아침에 비명을 질러 놀라서 나가보니 그냥 나비가 딸 팔위에 앉은 것이라 안심했어. 처음엔 놀라셨겠지만 그냥 나비가 앉은 것뿐이었군요. 딸이 벌레나 곤충을 싫어하는데 가끔 유난스럽게 굴어. 이런 경우엔 부모로서 어떻게 도와줄 수 있을까요? 아이 방에 살충제를 미리 준비해야겠어. 살충제가 효과가 있길 바라요.,"오늘 아침에 딸이 비명을 질러서 깜짝 놀랐어. 나가보니 그냥 나비가 팔 위에 앉아 있었더라. 처음엔 무서워했지만, 나비를 보고 안심하는 모습이 귀여웠어. 딸은 벌레를 싫어하는데, 가끔 유난스럽게 굴어서 어떻게 도와줘야 할지 고민이야. 방에 살충제를 준비해놔야겠어.","1. 딸이 놀라서 비명을 지르며 나를 부른다.  
2. 나비가 딸의 팔 위에 앉아 있는 모습이 보인다.  
3. 딸의 표정이 처음엔 무서웠다가 안심하는 모습으로 변한다."
train_246,"연애,결혼,출산",슬픔,눈물이 나는,아이가 몸살 때문에 아픈데 아파서 그런지 계속 칭얼대. 너무 마음이 아프고 아려. 아이가 아파 칭얼대자 마음이 아프시군요. 열이 계속 떨어지지 않아서 너무 걱정되어서 눈물이 자꾸 나. 아이의 건강이 걱정되시는군요. 누구의 도움을 받아야 좋을까요? 안 되겠어. 응급실이라도 얼른 데려가야겠어. 아이를 응급실에 데려가려고 하시는군요.,오늘 아이가 몸살로 아프다더니 계속 칭얼대서 마음이 아프네. 열이 떨어지지 않아서 걱정이 돼서 눈물이 나올 지경이야. 응급실에 가야 할 것 같아. 아이를 안고 빨리 나가야겠다.,1. 아기가 아파서 이불 속에서 불편한 표정을 짓고 있다. 2. 엄마가 걱정스러운 눈빛으로 아이를 바라보고 있다. 3. 응급실로 가기 위해 서둘러 준비하는 모습이 보인다.
train_255,"대인관계(부부, 자녀)",불안,당혹스러운,요즘 들어 딸이 밥을 안 먹어서 걱정이야. 딸이 금식으로 인해서 건강을 해칠까 봐 걱정이시겠어요. 음식을 너무 안 먹으면 건강에 매우 해롭기 때문에 걱정이 되네. 밥을 안 먹는 딸에게 어떻게 밥을 먹으라고 하는 게 좋을 방법일까요? 음식과 건강에 대한 다큐멘터리를 보여주면서 건강과 식사와의 관계를 알려주려고 해. 음식과 건강에 대한 다큐멘터리가 도움이 되었으면 좋겠어요.,"요즘 딸이 밥을 잘 안 먹어서 걱정이야. 그래서 음식과 건강에 대한 다큐멘터리를 보여주기로 했어. 딸이 그걸 보면서 건강과 식사의 중요성을 알았으면 좋겠어. 밥을 안 먹는 모습이 안쓰럽기도 하고, 건강이 걱정되네.",1. 딸이 식탁에 앉아 밥을 앞에 두고 고민하는 모습이 보인다. 2. 화면에는 음식과 건강에 대한 다큐멘터리가 흘러나오고 있다. 3. 딸의 눈빛이 호기심으로 가득 차 있다.
train_261,"대인관계(부부, 자녀)",불안,스트레스 받는,딸이 자꾸 방 정리를 하지 않아. 그래서 정말 짜증이나. 딸의 행동이 당신을 짜증나게 했군요. 음식을 먹고 치우려고 하지도 않고. 그러면 건강에도 좋지 않으니까. 지금의 기분을 해결하기 위해 무언가 할 수 있는 방법이 있나요? 모르겠어. 일단 딸에게 다시 차분히 말해봐야 할 것 같아. 딸과의 대화가 원하는 방향으로 끝맺길 바랄게요.,"딸이 방 정리를 안 해서 정말 짜증났어. 다시 차분히 말해보려고 했는데, 딸은 여전히 음식을 먹고 치우지 않더라. 건강에도 좋지 않은데, 어떻게 해야 할지 모르겠어. 그래도 딸과의 대화가 잘 되길 바래.",1. 방 안에 장난감과 책들이 어지럽게 널브러져 있다. 2. 딸이 음식을 먹고 남긴 그릇이 테이블 위에 놓여 있다. 3. 엄마가 딸에게 차분히 이야기하려고 앉아 있는 모습이 보인다.
train_262,"연애,결혼,출산",불안,불안,아이가 조금이라도 열이 오르면 큰 병이 난건 아닌지 걱정이 돼. 아이가 열이 오르면 큰 병이 난건 아닌지 정말 걱정이 되시겠어요. 지난번에 열이 오르더니 호흡 곤란까지 온 적이 있어서 조금만 열이 올라도 불안하고 걱정이 돼. 과거 기억에 이젠 조금 열만 있어도 걱정되시는군요. 어떻게 하면 불안감과 걱정을 조금이라도 덜 수 있을까요? 아이가 열이 올랐을 때 취해야 할 응급조치를 미리 익혀서 알아두어야 할 것 같아. 미리 응급조치를 익혀서 불안감와 걱정을 덜 수 있으면 좋겠어요.,"오늘 아이가 열이 조금 나서 걱정이 많이 됐어. 예전에도 열이 나더니 호흡 곤란까지 왔던 기억이 나서, 이번에도 불안한 마음이 가시질 않더라. 그래서 응급조치를 미리 알아두기로 했어. 아이가 아프지 않게 잘 돌봐줘야지.",1. 아이가 이불 속에서 조용히 누워 있다. 2. 작은 이마에 열이 나서 걱정스러운 표정이 떠오른다. 3. 엄마가 아이를 바라보며 마음속으로 응급조치를 다짐하고 있다.
train_263,"연애,결혼,출산",불안,불안,야근 때문에 귀가가 늦어지면 일단 아이가 너무 걱정돼서 불안해. 귀가가 늦어지면 아이 걱정 때문에 불안해지시는군요. 아이가 유치원에 남아서 울거나 혼자 유치원 밖으로 나가는 건 아닌지 걱정이 돼. 야근때문에 늦는 상황이면 아이 걱정에 이런 저런 생각이 드시는군요. 어떻게 하면 걱정과 불안함을 더는 데 도움이 될까요? 야근이 있는 날에는 미리 유치원 선생님께 늦은 시간까지 아이를 부탁한다고 말씀드릴 생각이야. 유치원 선생님께 말씀드려서 걱정과 불안을 덜 수 있으면 좋겠어요.,오늘 야근 때문에 집에 늦게 들어갔어. 유치원에서 아이가 혼자 남아 울고 있진 않을까 걱정이 많이 되더라. 그래서 유치원 선생님께 미리 말씀드렸어. 아이가 안전하게 집에 올 수 있도록 부탁했지. 이렇게라도 불안함을 덜 수 있어서 다행이야.,"1. 엄마가 유치원 선생님과 대화하며 아이를 걱정하고 있다. 2. 어두운 밤, 집으로 돌아가는 길에 마음이 무겁다. 3. 유치원에서 아이가 안전하게 지내고 있기를 바라는 마음이 느껴진다."
train_264,"연애,결혼,출산",불안,불안,아이를 출산하자마자 혹시나 아이의 건강에 문제가 있을까 봐 불안해졌어. 혹시나 아이의 건강에 문제가 있을까 봐 불안감이 드시는군요. 그동안 검사에서 어떤 문제가 발견된 적은 없었는데 혹시나 하는 마음에 불안한 것 같아. 출산한 아이의 건강이 이유없이 많이 염려되시나 봐요. 어떻게 하면 불안한 마음을 가라앉힐 수 있을까요? 출산을 담당해주신 의사선생님께 아이 건강에 문제가 없는지 얼른 물어봐야겠어. 의사 선생님께 여쭈어봐서 불안한 마음이 수그러들면 좋겠어요.,"아기를 출산하고 나서 건강이 걱정돼서 마음이 불안했어. 검사 결과는 괜찮았지만, 혹시나 하는 마음에 의사 선생님께 꼭 물어봐야겠다고 생각했어. 아기가 건강하다는 말을 듣고 싶어서 마음이 조마조마하네. 의사 선생님께서 아기 건강에 대해 잘 말씀해 주셨으면 좋겠어.",1. 아기를 품에 안고 의사 선생님을 기다리고 있다. 2. 불안한 마음을 달래기 위해 깊은 숨을 쉬고 있다. 3. 병원 대기실의 조명이 부드럽게 아기를 감싸고 있다.
train_265,"대인관계(부부, 자녀)",불안,불안,아이가 아프다고 해서 병원에 급하게 왔어. 아이가 아파서 병원에 가셨군요. 걱정되시겠어요. 원래 잔병치레가 많은 아이이긴 한데 그래도 항상 걱정 돼. 아이가 아플 때면 항상 걱정되시겠네요. 걱정을 덜 수 있는 방법이 있을까요? 더 건강한 식단으로 먹여서 체질적으로 약한 부분을 보충해 둬야겠어. 건강한 식단을 짜서 아이가 건강해지길 바라요.,"오늘 아이가 아프다고 해서 병원에 급하게 갔어. 원래 잔병치레가 많은 아이라 걱정이 많이 되더라. 병원에서 기다리는 동안 아이의 손을 꼭 잡고 있었는데, 아픈 모습이 너무 안쓰러웠어. 건강한 식단으로 더 잘 챙겨줘야겠다는 생각이 들었어.","1. 병원 대기실에서 아이가 아픈 모습으로 앉아 있다.  
2. 엄마가 아이의 손을 따뜻하게 잡고 있다.  
3. 주변에 병원 장비와 대기 의자가 보인다."
train_267,"대인관계(부부, 자녀)",기쁨,신이 난,아들이 생일날 미역국도 끓여주고 선물도 줬어! 아들이 미역국도 끓여주고 선물도 주어서 정말 좋으시겠어요! 응! 정말 감동 받았어! 어떤 점에서 감동 받으셨어요? 아들이 아침 일찍 일어나서 나를 위해 미역국을 끓여준 거! 아들이 일찍 일어나서 미역국도 끓여주었다니. 정말 좋으시겠어요!,"오늘 아들이 생일이라 미역국을 끓여줬어. 아침 일찍 일어나서 나를 위해서 준비한 거라니, 정말 감동이었어. 아들이 그렇게 나를 생각해주다니, 마음이 따뜻해지더라. 선물도 주고, 정말 특별한 하루였어.","1. 아들이 주방에서 미역국을 끓이고 있다.  
2. 아침 햇살이 부엌을 따뜻하게 감싸고 있다.  
3. 아들이 웃으며 나를 바라보는 모습이 참 사랑스럽다."
train_268,"대인관계(부부, 자녀)",분노,노여워하는,아들이 하도 킥보드 타령을 하길래 큰맘 먹고 사줬더니 한 시간 만에 부숴먹었어! 새로 산 킥보드가 한 시간 만에 파손됐군요. 어떻게 탔길래 이렇게 고장이 난 건지. 고칠 수 있을지 모르겠어. 킥보드를 고칠 수 있는 방법이 있을까요? 아직 산지 얼마 안됐으니까 수리 서비스 보장범위를 알아봐야겠어. 수리 서비스로 보장이 잘 되었으면 좋겠네요.,"아들이 킥보드를 타고 싶다고 난리였어. 그래서 큰맘 먹고 사줬는데, 한 시간 만에 부숴먹었네! 어떻게 이렇게 고장이 났는지 궁금해. 아들이 킥보드를 타는 모습이 너무 귀여웠는데, 이제 고칠 수 있을지 걱정이야. 수리 서비스가 잘 되길 바래.","1. 아들이 킥보드를 타고 신나게 놀고 있다.  
2. 킥보드가 부서진 모습이 안타깝게 보인다.  
3. 아들의 표정이 실망스러워 보인다."
train_269,"대인관계(부부, 자녀)",기쁨,흥분,오늘 처음으로 아들 학예회를 보러 가. 아들도 엄청 신나 하던데 나도 떨리네. 처음 보는 아들 학예회에 많이 기대되시겠어요. 무엇을 하는 거냐고 물어봐도 안 알려줘서 어떤 걸 준비했는지 전혀 모르겠어. 아드님이 학예회 얘기를 비밀로 하였군요. 학예회에 대해서 어떤 말을 하던가요? 별 말 안 했어. 그래도 저렇게 신나있는 거 보면 학예회 준비가 즐거웠나 봐. 아드님의 학예회가 즐거운 추억으로 남길 바라요.,"오늘 아들 학예회를 처음 보러 갔어. 아들이 신나서 뛰어다니는 모습이 너무 귀여웠어. 무슨 준비를 했는지 비밀이라서 궁금했는데, 아들이 즐거워하는 걸 보니 기대가 되더라. 무대 위에서 아들이 어떤 모습으로 나올지 생각하니 가슴이 두근거렸어.",1. 아들이 학예회 무대에서 신나게 준비하는 모습이 보인다. 2. 아이의 얼굴에 가득한 기대감이 느껴진다. 3. 주변에서 다른 아이들과 함께 즐거운 시간을 보내고 있다.
train_270,"대인관계(부부, 자녀)",불안,걱정스러운,왜 아직 연락이 없지. 오늘 아들이랑 스크린 야구장 가기로 했는데 아들놈이 아직 집에 안 왔어. 아드님과 약속이 있는데 아직 오질 않아 걱정이시겠어요. 오늘 아침에만 해도 내가 신신당부하고 아들도 잘 알겠다 했는데 말이야. 아침에도 얘기를 나눠보셨군요. 어떻게 해야 상황이 나아질까요? 바로 전화를 해봐야겠어. 혹시 무슨 일 있는 건 아닌지 한 번 알아봐야지. 아드님과의 통화로 잘 해결이 되었으면 좋겠네요.,"오늘 아들이랑 스크린 야구장 가기로 했는데, 아들이 아직 집에 안 와서 걱정이네. 아침에 신신당부했는데, 아들이 잘 알겠다 했거든. 그래서 더 기다려지는데, 혹시 무슨 일이 있는 건 아닐까 걱정이 돼. 빨리 연락해봐야겠다.","1. 아들이 스크린 야구장에 가기 위해 집을 나서길 기다리고 있다.  
2. 아침에 나눈 대화가 머릿속에 맴돌고 있다.  
3. 불안한 마음으로 아들의 귀가를 기다리고 있다."
train_273,"연애,결혼,출산",기쁨,신이 난,처음으로 어버이날에 아이들로부터 선물을 받았어. 아이들로부터 선물을 받아서 기쁘시군요. 조금 더 자세히 말씀해주시겠어요? 너무 즐거워하면서 선물을 주는데 얼마나 사랑스러웠는지 몰라. 어떻게 하면 지금의 상황을 긍정적으로 변화시킬 수 있을까요? 아이들과 더 많이 대화하는 아빠가 되기 위해 노력할거야. 노력을 통해 좋은 결과 있길 바라요.,오늘 어버이날이라 아이들이 선물을 줬어. 아이들이 너무 즐거워하면서 선물 주는 모습이 정말 사랑스러웠어. 그 모습 보니까 기분이 너무 좋더라. 앞으로 아이들과 더 많이 대화하는 아빠가 되기로 다짐했어.,1. 아이들이 밝은 표정으로 선물을 들고 있다. 2. 작은 손으로 정성스럽게 포장한 선물을 건네는 모습이 사랑스럽다. 3. 아이들의 웃음소리가 방 안을 가득 채우고 있다.
train_274,"연애,결혼,출산",불안,걱정스러운,아이가 또래보다 발육이 늦는 것 같아 신경이 쓰여. 아이의 발육이 또래보다 늦어 신경이 쓰이시는군요. 걱정되시겠어요. 또래와 비슷하게 키우고 싶은데 어떻게 하면 될지 고민이야. 또래와 비슷하게 키우고 싶은데 어떻게 하면 될지 고민이시군요. 어떻게 하는 것이 좋을까요? 집에서 아이와 함께 하는 시간을 늘려 책을 읽어주는 것이 좋을 것 같아. 집에서 아이와 함께 하는 시간을 늘려 책을 읽어주고 발육이 또래와 비슷해지면 좋겠어요.,"요즘 아이 발육이 또래보다 늦는 것 같아서 많이 걱정이 돼. 그래서 집에서 함께 하는 시간을 더 늘려보려고 해. 책도 많이 읽어주고, 아이가 발육이 잘 되길 바라는 마음이야. 아이가 책을 읽을 때의 그 집중하는 모습이 너무 귀여워.",1. 아이가 책을 읽으며 집중하는 모습이 사랑스럽다. 2. 따뜻한 집안에서 엄마와 함께하는 시간이 소중하게 느껴진다. 3. 아이의 발육을 위해 노력하는 엄마의 마음이 담겨 있다.
train_277,"대인관계(부부, 자녀)",슬픔,눈물이 나는,우리 아들 때문에 안쓰러워서 큰일 났어. 아드님 때문에 안쓰러우시군요. 좀 더 자세히 얘기해주시겠어요? 공부하겠답시고 늦게까지 책상에 앉아 있다가 결국 엎드려서 잠이 들었던데. 그 모습이 너무 마음이 아파. 아드님이 책상에 엎드려 자는 모습에 마음이 아프셨군요. 응. 몸보신이라도 하게 한약을 지어줘야겠어. 몸보신을 위해 한약을 지으실 생각이시군요.,오늘 아들이 공부하겠다고 늦게까지 책상에 앉아 있었어. 결국 엎드려서 잠이 들었더라. 그 모습이 너무 안쓰러워서 마음이 아팠어. 몸보신이라도 하게 한약을 지어줘야겠다는 생각이 들었어.,"1. 아들이 책상에 엎드려 자고 있다. 2. 책상 위에는 펼쳐진 책들이 어지럽게 놓여 있다. 3. 방 안은 조용하고, 아들의 작은 숨소리가 들린다."
train_279,"대인관계(부부, 자녀)",불안,초조한,집 앞에 운동 나간 딸이 아직도 안 들어와. 걱정돼. 딸이 아직 집에 들어오지 않아서 걱정되시겠어요. 당장 딸을 찾아봐야할까? 뭐부터 해야 할까? 딸의 행방을 알려면 어떻게 하는 게 좋을까요? 딸이 나간 산책로를 걸어봐야겠어. 딸이 지나간 길을 걸어볼 생각이시군요.,"딸이 운동 나간 지 오래됐어. 걱정이 돼서 밖에 나가서 딸을 찾아봐야겠다는 생각이 들었어. 딸이 나간 길을 따라 걸어보니, 그 길에서 딸의 웃음소리가 들리는 것 같아. 빨리 돌아오길 바래.",1. 딸이 운동복을 입고 집 앞에서 신나게 놀고 있다. 2. 주변에는 나무와 꽃들이 만개해 있어 따뜻한 봄날의 풍경이 펼쳐진다. 3. 딸의 웃음소리가 바람에 실려 들려온다.
train_286,"대인관계(부부, 자녀)",당황,죄책감의,미용실에서 아들에게 파마를 해줬는데 아들은 마음에 들지 않아서 울고 있는데 너무 미안해. 아들에게 마음에 들지 않는 파마를 해줘서 마음이 좋지 않았겠군요. 베이비 파마를 해달라고했는데 아줌마 파마가 되어서 속상한가 봐. 생각한 것처럼 파마가 잘되지 않아서 속상했겠군요. 어떻게 해야 상황을 극복할 수 있을까요? 다시 가서 머리를 단정하게 커트를 해야 할 것 같아. 마음에 드는 머리 커트가 되었으면 좋겠어요.,"오늘 미용실에서 아들에게 파마를 해줬는데, 아들이 마음에 안 들어서 울었어. 베이비 파마를 원했는데 아줌마 파마가 되어버려서 속상했겠지. 아들이 울 때마다 마음이 아프더라. 다음에는 꼭 마음에 드는 머리로 잘라줘야겠어.",1. 아들이 미용실 의자에 앉아 울고 있다. 2. 머리카락이 파마로 부풀어 올라 있다. 3. 엄마가 아들을 다독이며 위로하고 있다.
train_288,"대인관계(부부, 자녀)",슬픔,환멸을 느끼는,방이 냄새나고 더럽기에 치워줬더니 맘대로 치웠다고 아들이 난리 치더라. 내 아들이지만 참 싫더라. 방을 치워줬는데 아들이 난리 쳐서 속상하셨겠어요. 내가 자기를 어떻게 키웠는데 갈수록 뭘 해줘도 짜증만 늘고 정말 속상해. 예전에 이런 일이 있을 땐 속상한 기분을 어떻게 해결하셨나요? 아들이랑 차근차근 대화하고 서로 사과하고 나면 풀리더라. 이번에도 대화를 해봐야겠어. 아들과의 대화가 잘 풀려서 관계가 회복되면 좋겠어요.,오늘 방이 너무 더러워서 치워줬더니 아들이 난리쳤어. 내가 뭘 해줘도 짜증만 늘어가는 것 같아서 속상하더라. 그래도 아들과 대화해보려고 해. 서로 사과하고 나면 풀릴 거라 믿어. 이번에도 잘 해결되면 좋겠다.,1. 아들이 방을 치우는 걸 싫어하며 투덜거리고 있다. 2. 엄마는 아들의 반응에 속상한 표정을 짓고 있다. 3. 방 안은 정리된 듯하지만 여전히 어수선한 느낌이 남아 있다.
train_289,"연애,결혼,출산",불안,취약한,이젠 육아 비용 때문에 맞벌이 하지 않으면 더 힘들어 질 것 같아. 육아 비용 걱정 때문에 많이 불안하시는군요. 육아비용도 문제이지만 무엇보다도 아직 아기가 육 개월인데 떼어놓자니 걱정이 많이 돼. 육아비용도 문제이지만 무엇보다도 아직 아기가 육 개월인데 떼어놓자니 걱정이 많이 되는군요. 이 상황에서 할 수 있는 게 어떤 것이 있을까요? 아이 돌봄 서비스를 신청해야겠어. 집에서 안전하게 돌봐 줄 수 있는 서비스래. 아이 돌봄 서비스로 걱정이 덜어졌으면 좋겠어요.,요즘 육아 비용 때문에 맞벌이 생각이 많이 드네. 아기가 겨우 여섯 개월인데 떼어놓는 게 너무 걱정이야. 그래서 아이 돌봄 서비스를 신청하기로 했어. 집에서 안전하게 돌봐줄 수 있다니 마음이 좀 놓이네. 아기가 잘 지내길 바래.,1. 아기가 편안한 침대에서 조용히 잠들어 있다. 2. 엄마의 걱정이 담긴 눈빛이 아기를 바라본다. 3. 따뜻한 집안 분위기가 아이를 감싸고 있다.
train_294,"대인관계(부부, 자녀)",분노,방어적인,아들이 너무 대들어서 이제 무슨 말을 못 하겠어. 무슨 문제기에 그러세요? 게임하는 시간이 많아서 한마디 했더니 다짜고짜 대드는데 너무 화가 나. 예전에는 어떻게 대처하셨어요? 혼내고 나면 알아듣는 건가 했는데 이젠 대들고 있어. 주변에 이런 상황을 같이 이야기할 사람이 있었으면 좋겠네요.,"요즘 아들이 대들어서 정말 힘들어. 게임하는 시간에 한마디 했더니 다짜고짜 대들더라. 예전에는 혼내면 알아듣는 것 같았는데, 이제는 대들기만 해. 주변에 이런 상황을 이야기할 사람이 있었으면 좋겠어. 아들이 대들 때마다 마음이 아프네.","1. 아들이 게임에 몰두해 있다가 갑자기 대들며 반항한다.  
2. 엄마는 아들의 반응에 당황하며 고민하는 모습이다.  
3. 주변은 조용하고, 엄마의 마음속에는 걱정이 가득하다."
train_296,"대인관계(부부, 자녀)",당황,고립된,아들이 화분 깨뜨려서 치우는데 정작 아들이 없어져서 어이가 없네. 아들이 잘못하고 없어져서 당황하셨겠어요. 잘못해 놓고 수습도 안하고 가버리는 건 도대체 누구한테 배웠을까? 잘못해 놓고 수습도 안하고 가버리는 건 도대체 누구한테 배웠을까 화가나는군요. 이 상황을 변화시키기 위해 무엇을 할 수 있을까요? 아들이랑 이 문제에 대해서 대화를 해봐야겠어. 아들과의 대화로 문제가 해결되길 바라요.,"오늘 아들이 화분을 깨뜨려서 깜짝 놀랐어. 치우고 있는데 아들이 어디론가 사라져서 어이가 없더라. 잘못해 놓고 수습도 안 하고 가버리는 모습이 화가 나기도 했지만, 이 문제를 해결하기 위해 아들과 대화를 해봐야겠어. 아들이 어떤 생각을 하고 있는지 궁금해.","1. 아들이 화분을 깨뜨린 후, 주변이 어수선해졌다.  
2. 아들이 사라진 자리에는 깨진 화분 조각들이 흩어져 있다.  
3. 엄마는 아들과의 대화를 통해 문제를 해결하고 싶어 한다."
train_297,"대인관계(부부, 자녀)",당황,고립된,아들이랑 딸이 차려준 밥이 맛없다고 먹다가 방에 들어갔어. 식사 중에 갑자기 그렇게 들어가다니 많이 당황하셨겠어요. 내가 애들 교육을 잘못한 거 같아. 내가 애들 교육을 잘못한 거 같군요. 이 상황을 변화시키기 위해 무엇을 해야 할까요? 둘 다 앉혀두고 얘기 좀 해봐야겠어. 자식 분들과 대화로 상황이 나아지길 바라요.,오늘 아들이랑 딸이 차려준 밥을 먹다가 갑자기 방에 들어가버렸어. 애들이 그렇게 행동하니 내가 많이 당황했지. 내가 애들 교육을 잘못한 건 아닌지 고민이 되네. 둘이 앉혀두고 진지하게 얘기해봐야겠다.,"1. 아들이랑 딸이 정성껏 차린 밥이 식탁 위에 놓여 있다.  
2. 방 안에서 아이들이 갑자기 사라진 모습이 눈에 띈다.  
3. 엄마가 걱정스러운 표정으로 아이들을 기다리고 있다."
train_298,"대인관계(부부, 자녀)",당황,고립된,오늘 딸 생일인데 사장님이 나 보고 오늘 야근하래. 딸 생일에 야근을 하게 되어서 속상하시겠어요. 오늘 안 가면 딸이 실망할 텐데 어떻게 해야 될지. 오늘 안 가면 딸이 실망할 것 같군요. 이 상황을 해결하기 위해서 무엇을 할 수 있을까요? 대신이지만 생일선물이라도 좋은 걸로 사가야겠다. 생일선물을 받고 딸이 기뻐했으면 좋겠네요.,"오늘은 딸 생일인데, 야근 때문에 못 가게 됐어. 딸이 실망할까 봐 마음이 아프네. 그래도 생일선물은 좋은 걸로 사가야겠다. 딸이 기뻐하는 모습이 눈에 선해.",1. 딸의 생일을 맞아 예쁜 선물을 준비하고 있다. 2. 작은 얼굴에 기대와 설렘이 가득할 것 같다. 3. 생일 케이크와 함께 웃는 딸의 모습이 떠오른다.
train_300,"대인관계(부부, 자녀)",기쁨,감사하는,우리 딸은 항상 옆에서 나를 먼저 챙겨줘. 딸에게 정말 고마워. 착한 딸이 옆에서 신경 써주니 고맙군요. 사회 생활하느라 바쁠 텐데 나를 챙겨주니 고맙지. 딸과 무엇을 하며 고마움을 전하고 싶으세요? 함께 맛있는 것을 먹으며 이야기를 많이 나누고 싶어. 딸과 맛잇는 것을 먹으면서 나의 고마움이 전해지길 바랄게요.,오늘 딸이 옆에서 나를 챙겨주더라. 정말 고마워서 맛있는 걸 함께 먹고 싶어. 딸과 함께 앉아 맛있는 음식을 나누며 이야기를 나누는 시간이 참 소중해. 이렇게 착한 딸이 곁에 있으니 행복하네.,1. 딸과 함께 식탁에 앉아 맛있는 음식을 나누고 있다. 2. 딸의 미소가 따뜻한 분위기를 만들어준다. 3. 서로의 이야기를 나누며 소중한 시간을 보내고 있다.
train_301,"대인관계(부부, 자녀)",상처,충격 받은,몇 주전에 아들이 태어났는데 신체적으로 결함이 있어서 충격을 받았어. 태어난 아들이 신체적 결함이 있다니 많이 놀라셨겠어요. 처음에는 당황스럽고 가슴이 두근거려서 아이를 쳐다볼 수가 없었어. 아이의 상태를 보고 많이 당황하셨군요. 이 상황을 어떻게 극복하면 좋을까요? 많이 당황했지만 나의 아이기 때문에 잘 키워보려고해. 나의 의지를 통해 아이가 조금이나마 건강하게 자라길 바랄게요.,"며칠 전 아들이 태어났어. 처음에는 신체적 결함이 있다는 소식에 많이 놀랐지만, 이제는 나의 아이니까 잘 키워보려고 해. 아기를 바라보면 가슴이 두근거리지만, 그럼에도 불구하고 사랑이 넘쳐. 아기가 건강하게 자라길 바라는 마음으로 매일매일 최선을 다하고 있어.",1. 아기가 조용히 누워 있는 모습이 사랑스럽다. 2. 작은 손가락이 가끔씩 움직이며 꿈꾸는 듯하다. 3. 방 안은 따뜻한 햇살로 가득 차 있다.
train_303,"대인관계(부부, 자녀)",불안,걱정스러운,아들이 요즘 아침을 차려져도 먹지를 않아서 걱정이 되네. 아들이 아침을 먹지 않아서 걱정이시군요. 아침을 먹어야 건강에 좋다는데 아침을 안 먹어. 이유를 모르겠어. 이전에 이와 비슷한 상황이 있었을 때 어떻게 행동하셨나요? 아들에게 직접 물어보곤 했지. 아들에게 왜 아침을 안 먹고 나가는지 한 번 물어봐야겠어. 아드님과의 대화를 통해 걱정이 해결되었으면 좋겠어요.,요즘 아들이 아침을 잘 안 먹어서 걱정이네. 아침 차려놓고도 밥을 안 먹고 나가니까 마음이 아프더라. 왜 그런지 물어봐야겠어. 아들이 왜 아침을 안 먹는지 알면 좋겠어. 아침을 먹어야 건강한데 말이야.,"1. 아들이 차려진 아침 밥을 앞에 두고 고민하는 모습이 보인다. 2. 식탁 위에는 정성스럽게 준비된 아침 반찬들이 놓여 있다. 3. 아들의 표정이 무겁고, 밥을 먹지 않으려는 모습이 느껴진다."
train_304,"대인관계(부부, 자녀)",당황,혐오스러운,퇴근하는데 막내 아들이 놀이터에서 길 고양이를 괴롭히고 있는 모습에 너무 놀랐어. 아들이 동물을 괴롭히는 모습에 충격을 느끼셨겠어요. 좀더 자세히 말씀해주시겠어요? 동물을 괴롭히면서 즐기는 아들의 표정에 충격을 받았어. 동물을 학대하는걸 즐기는 아이의 모습에 정말 충격이 크셨군요. 이런 상황에서 어떻게 하는 것이 좋을까요? 동물을 사랑하고 인간과 동물이 함께 하는 다큐멘터리를 아들에게 보여줘야겠어. 아이가 다큐멘터리를 통해 동물을 사랑하는 방법을 배우길 바랄게요.,"오늘 퇴근하고 놀이터에 갔는데, 막내 아들이 길 고양이를 괴롭히고 있는 모습을 보고 너무 놀랐어. 아들이 동물을 괴롭히는 표정이 너무 충격적이었어. 그래서 아들에게 동물을 사랑하는 방법을 알려주고 싶어서 다큐멘터리를 보여주기로 했어. 아들이 동물에 대한 사랑을 배웠으면 좋겠어.",1. 막내 아들이 놀이터에서 길 고양이를 괴롭히고 있다. 2. 아들의 표정이 즐거움과 충격이 섞여 있다. 3. 아들이 동물을 사랑하는 방법을 배우기 위해 다큐멘터리를 보려 한다.
train_306,"대인관계(부부, 자녀)",당황,죄책감의,딸이 내 말을 듣지 않아서 화가 나서 나도 모르게 딸을 한대 때렸는데 너무 마음이 안 좋네. 딸에게 손을 댄 것에 대해서 미안함이 크신가보군요. 맞아. 내가 그때 조금 더 참았어야 했는데 그걸 못했어. 이럴 때 때리는 방법 말고 다른 해결방안이 있나요? 일단 한숨을 고르고 잠깐 자리를 피했다가 다시 이야기를 하면 좋더라고. 다음에는 한숨 고르고 나서 대화를 하는 멋진 모습 기대해 볼게요.,"오늘 딸이 내 말을 듣지 않아서 화가 나서 한대 때렸어. 그 순간 너무 마음이 아팠고, 미안한 마음이 가득하더라. 다음에는 한숨을 고르고 다시 이야기해보려고 해. 딸이 내 마음을 이해해주길 바라.","1. 딸이 장난감 앞에서 나를 쳐다보며 고개를 갸우뚱하고 있다.  
2. 방 안에 긴장감이 감돌고, 딸의 작은 손이 내 손을 잡으려 한다.  
3. 창문 너머로 따뜻한 햇살이 방 안으로 스며들고 있다."
train_308,"대인관계(부부, 자녀)",기쁨,자신하는,나는 아들에게 정말 좋은 엄마라 자부할 수 있어. 좋은 엄마라는 자부심이 대단하시네요. 어떤 점에서 그렇게 생각하는지 들어볼까요? 항상 아들을 신경 쓰는 세심한 엄마거든. 덕분에 아들이 항상 나에게 고맙다고 표현해. 나의 세심한 행동에 아들이 고맙다는 표현을 많이하는군요. 좋은 엄마가 되기 위해 앞으로 또 노력할 점이 있나요? 지금도 그래왔지만 앞으로 더 아들과 대화해서 서로 이해하고 사랑을 나누려고. 지금까지 그래왔듯 앞으로의 다짐을 통해 더 자랑스런 어머니가 되길 바랄게요.,오늘 아들에게 좋은 엄마라는 자부심이 생겼어. 아들이 나에게 고맙다고 말해줄 때마다 정말 뿌듯하더라. 앞으로도 더 많이 대화하고 서로 이해하려고 노력할 거야. 아들이 나를 사랑해주는 만큼 나도 아들을 사랑해.,1. 아들이 나에게 고맙다고 말하며 환하게 웃고 있다. 2. 서로의 눈을 바라보며 따뜻한 대화를 나누고 있다. 3. 방 안은 아들의 웃음소리로 가득 차 있다.
train_309,"연애,결혼,출산",기쁨,안도,며칠 전에 산부인과 정기검진 받았는데 아기가 아무 이상 없이 잘 자라고 있다고 나왔어. 검진 결과가 이상 없이 나와서 정말 다행이에요. 응. 검진 전에는 항상 이상이 있을까 마음이 약간 불안해지거든. 마음이 불안했나 보네요. 어떤 걱정이 있었나요? 그래도 주변에 흡연자들이 있어서 사실 걱정이 되었거든. 산부인과 검진결과에 아무 이상이 없으니 크게 걱정할 일이 없을 거라 생각해요.,"며칠 전에 산부인과 정기검진을 받았어. 아기가 아무 이상 없이 잘 자라고 있다는 소식에 정말 안심했지. 검진 전에는 항상 불안한 마음이 드는데, 이번에는 괜찮아서 다행이야. 주변에 흡연자들이 있어서 걱정이 많았거든. 그래도 아기가 건강하다는 소식에 마음이 한결 가벼워졌어.","1. 엄마가 산부인과에서 아기의 건강을 확인하고 안도하는 모습이 떠오른다. 2. 불안한 마음이 가시고, 아기의 건강 소식에 미소가 번진다. 3. 주변의 걱정거리에도 불구하고 아기가 잘 자라고 있다는 사실이 따뜻하게 느껴진다."
train_314,"대인관계(부부, 자녀)",기쁨,만족스러운,딸이 언제나 사랑한다 해줘서 너무 기뻐. 자녀분이 항상 애정표현 해주셔서 행복하시군요. 당연하지. 항상 사랑한다고 말해주니까 얼마나 기분이 좋은지 어떻게 해야 따님이 계속해서 사랑한다 해주실까요? 나도 같이 사랑한다 해줘야지. 받기만 하지 말고 서로 표현을 잘 해줘야겠어. 따님분과의 좋은 관계가 계속해서 지속되길 바라요.,오늘 딸이 나한테 사랑한다고 말해줬어. 그 말 듣고 얼마나 기분이 좋았는지 몰라. 서로 사랑한다고 표현하는 게 얼마나 중요한지 다시 한번 느꼈어. 앞으로도 계속 이렇게 서로 사랑한다고 말해주면 좋겠어.,1. 딸이 나를 바라보며 사랑한다고 말하고 있다. 2. 따뜻한 미소가 서로의 마음을 연결해준다. 3. 방 안에 사랑이 가득 차 있는 듯한 느낌이 든다.
train_321,"대인관계(부부, 자녀)",분노,짜증내는,아이가 핸드폰에만 빠져있어서 뭐라고 했는데 요즘 말대꾸를 심하게 해서 화가 나. 아이가 말대꾸를 해서 화가 나셨군요. 응. 아이가 버릇없는 말과 행동을 해서 나를 더 화나게 해. 아이가 버릇없는 말과 행동을 해서 나를 더 화나게 했군요. 어떻게 하면 지금의 상황을 변화시킬 수 있을까요? 생각해보니 내 말만 하는 경우가 많은 것 같아. 조금 더 아이 말을 들어봐야 할 것 같아. 아이와 충분한 대화를 해서 지금 상황을 잘 극복하기 바라요.,"요즘 아이가 핸드폰에만 빠져 있어서 걱정이야. 말대꾸도 심해지고, 그래서 나도 화가 나더라. 생각해보니 내가 아이 말을 잘 안 듣고 내 말만 했던 것 같아. 앞으로는 아이와 더 많이 대화해보려고 해. 아이가 나를 바라보며 웃을 때, 그 모습이 참 귀여워.","1. 아이가 핸드폰을 들고 집중하고 있다.  
2. 아이의 표정이 불만 가득한 모습이다.  
3. 엄마가 아이를 바라보며 대화하려고 노력하는 모습이 보인다."
train_322,"대인관계(부부, 자녀)",분노,짜증내는,딸에게 큰 맘먹고 비싼 휴대폰을 사줬는데 얼마 되지도 않아서 액정을 깨트렸어. 화가 나. 딸에게 비싼 휴대폰이 사줬는데 액정을 깨트려서 화가 나셨겠어요. 응. 근데 너무 크게 꾸짖은 것 같아서 맘에 걸리기도 해. 너무 크게 꾸짖어서 맘에 걸리시는군요. 어떻게 하는 것이 가장 좋은 방법일까요? 일부러 깬 건 아닐 테니까 딸을 달래주고 미안하다고 해야겠어. 사용자님의 마음이 딸에게 전해지길 바랄게요.,"오늘 딸에게 비싼 휴대폰을 사줬는데, 얼마 안 가서 액정을 깨트렸어. 화가 나긴 했지만, 너무 크게 꾸짖은 것 같아서 마음이 아프네. 딸이 슬퍼할까 봐 걱정이 돼서, 미안하다고 달래주기로 했어. 아이의 눈빛이 애처롭게 느껴져서 더 마음이 아프더라.","1. 딸이 슬픈 표정으로 휴대폰을 바라보고 있다.  
2. 작은 손으로 깨진 액정을 만지작거리고 있다.  
3. 엄마가 딸을 안아주며 따뜻하게 달래고 있다."
train_324,"연애,결혼,출산",기쁨,기쁨,아기가 건강하게 태어나 주었어. 축하드려요. 순산하셨군요! 정말 다행이야. 자라면서 아프지 않게 잘 키워야겠어. 엄마의 애정 어린 손길이라면 건강하게 자랄 거예요. 엄마 자신의 건강도 챙겨야 해요. 맞아. 엄마가 건강해야 아기도 건강 할 수 있겠지. 산후 조리 잘 해서 건강한 가족이 되길 바라요.,오늘 아기가 건강하게 태어났다는 소식을 들었어. 정말 다행이야. 아프지 않게 잘 키워야겠다는 생각이 들어. 엄마가 건강해야 아기도 건강할 수 있겠지. 앞으로 아기와 함께하는 시간이 기대돼.,1. 아기가 건강하게 태어난 소식에 기쁨이 가득하다. 2. 엄마의 사랑이 아기를 건강하게 자라게 할 것이라는 믿음이 느껴진다. 3. 가족의 건강을 위해 엄마도 잘 챙겨야겠다는 다짐이 있다.
train_326,"대인관계(부부, 자녀)",슬픔,우울한,아들한테 학예회를 간다고 했더니 절대 오지 말라고 해서 서운하네. 아들 학예회에 가고 싶으셨을 텐데 너무 슬플 것 같아요. 그래서 이 애비가 창피하냐고 한소리 했더니 사이는 더 안 좋아졌어. 너무 서운하신 마음에 한 말씀 하셨군요. 어떻게 하면 아들과 다시 사이가 좋아질 수 있을까요? 내가먼저 화내지 말고 상황에 대해서 물어보고 그럴걸 그랬어. 다시 한 번 얘기를 해볼게. 아들과 대화를 잘 나누셔서 관계가 회복되길 바랄게요.,오늘 아들이 학예회에 가고 싶지 않다고 해서 서운했어. 아들이 창피하다고 하니까 마음이 아프더라. 그래서 내가 화내지 말고 다시 얘기해보려고 해. 아들과의 사이가 다시 좋아지길 바래.,1. 아들이 학예회에 가고 싶지 않다고 말하며 얼굴을 찡그린다. 2. 엄마는 아들의 마음을 이해하려고 애쓰며 조용히 대화를 나눈다. 3. 두 사람 사이에 흐르는 긴장감이 조금씩 풀려가는 듯하다.
train_333,"연애,결혼,출산",기쁨,기쁨,얼마 전에 옹알이를 하기 시작하더니 오늘 아침에 드디어 나한테 아빠라고 말했어! 정말 기뻐! 딸이 아빠라고 처음 말하다니 감격스럽겠어요. 처음 아빠라는 말을 들었을 때는 너무 기뻐서 눈물이 날 정도였어. 어떤 것이 이 기쁨을 더 느끼게 하는데 도움이 될까요? 앞으로 딸한테 관심을 더 많이 주고 말도 많이 시켜야겠어. 모두에게 좋은 결정을 내렸으면 좋겠어요!,"얼마 전에 우리 딸이 옹알이를 시작했어. 오늘 아침에는 드디어 나한테 아빠라고 말했지! 그 순간 너무 기뻐서 눈물이 날 뻔했어. 앞으로 더 많이 이야기해주고, 관심도 많이 줘야겠어. 우리 딸이 아빠라는 말을 처음 했다는 게 정말 감격스러워.","1. 아기가 옹알이를 하며 밝은 표정으로 나를 바라보고 있다.  
2. 작은 입술이 '아빠'라는 소리를 내며 방 안에 따뜻한 기운을 전한다.  
3. 엄마의 눈가에 감동의 눈물이 맺히고, 방 안은 사랑으로 가득 차 있다."
train_334,"연애,결혼,출산",불안,조심스러운,우리 아이가 몸이 허약해서 항상 조마조마해. 아이 걱정 때문에 불안하시군요. 태어날 때부터 건강하지 못했거든. 어떻게 하면 조금이라도 나아질까요? 정기적으로 건강검진을 받도록 하고 영양제를 챙겨 먹이면 좋아질 거야. 언니분과의 대화를 통해 불안감이 해소되면 좋겠네요.,오늘 아이가 몸이 허약해서 걱정이 많이 됐어. 태어날 때부터 건강하지 못했거든. 그래서 정기적으로 건강검진도 받고 영양제도 챙겨 먹이려고 해. 언니랑 이야기하면서 불안한 마음이 조금 해소되면 좋겠어.,1. 아이가 소파에 앉아 조용히 책을 읽고 있다. 2. 작은 손으로 책장을 넘기며 집중하는 모습이 귀엽다. 3. 방 안은 따뜻한 햇살이 비추고 있어 아늑한 분위기를 만든다.
train_336,"대인관계(부부, 자녀)",불안,스트레스 받는,아직 유치원생인 아들이 내가 아끼던 골프채를 망가뜨려서 화낼 수도 없고 난감하네. 골프채를 망가뜨렸는데 아들에게 화낼 수도 없는 상황이셔서 답답하시겠네요. 아들이 평소에 조심성도 없고 아빠의 무서움을 모르는 것 같아. 이 상황을 변화시키기 위해서는 어떻게 해야 할까요? 버릇도 고칠 겸 따끔하게 혼내줘야 할 것 같아. 일단은 참아야겠다고 생각하시는군요.,"오늘 아들이 내가 아끼던 골프채를 망가뜨렸어. 화내고 싶지만, 아직 유치원생인 아들에게는 그럴 수가 없더라. 아들이 조심성이 없고 아빠의 무서움을 모르는 것 같아. 어떻게 해야 할지 고민이 많아지네. 일단은 참아야겠다고 생각했어.","1. 아들이 골프채를 망가뜨린 후, 난감한 표정을 짓고 있다.  
2. 아들의 장난기 가득한 모습이 방 안을 가득 채운다.  
3. 부모의 마음속에 복잡한 감정이 얽혀 있다."
train_338,"대인관계(부부, 자녀)",불안,혼란스러운,아들이 여자보다 남자가 더 좋다고 말해서 너무 혼란스러워. 아들이 여자보다 남자가 더 좋다고 말해서 혼란스러우시군요. 아들을 어떻게 대해야 할지 모르겠어. 아들이 떠나갈까 불안해. 아들에게 뭐라 말하면 좋을까요? 아들에게 이상한 게 아니라 말해줘야겠어. 아들과 함께 즐거운 외출이 되었으면 좋겠어요.,"아들이 여자보다 남자가 더 좋다고 하더니, 나를 혼란스럽게 하네. 어떻게 대해야 할지 고민이 많아. 아들이 떠나갈까 불안한 마음도 드는 걸. 그래도 아들과 함께 즐거운 외출이 되었으면 좋겠어.",1. 아들이 나에게 여자보다 남자가 좋다고 말하며 혼란스러운 표정을 짓고 있다. 2. 아들의 작은 손이 내 손을 꼭 잡고 있다. 3. 함께 나가려는 기대감이 두 사람의 얼굴에 번져 있다.
train_341,"대인관계(부부, 자녀)",상처,억울한,딸이 자기를 사랑하지 않는다고 말해서 억울했어. 그런 말을 들어서 억울했겠군요. 내가 딸에게 애정표현을 잘 안 해줬나 하는 생각에 상처받았어. 어떻게 하면 괜찮아질 수 있을까요? 앞으로는 딸에게 매일 사랑한다고 말해야겠어. 따님에게 오해라는 점을 설명하려고 하시는군요.,"오늘 딸이 자기를 사랑하지 않는다고 해서 마음이 아팠어. 내가 사랑한다고 자주 말해주지 않아서 그런가 싶기도 하고, 그래서 앞으로는 매일 사랑한다고 꼭 말해줘야겠어. 딸이 오해하지 않도록 더 애정 표현을 많이 해줘야겠다.",1. 딸이 나를 바라보며 서운한 표정을 짓고 있다. 2. 작은 손이 내 손을 꼭 잡고 있다. 3. 방 안의 따뜻한 분위기가 서로의 마음을 감싸고 있다.
train_342,"대인관계(부부, 자녀)",상처,억울한,딸이 내가 씻지 않아서 몸에서 냄새가 난다고 생각해. 따님께서 씻지 않아서 몸에 냄새가 난다고 생각하는군요. 사실이 아닌데 그렇게 오해해서 속상해. 어떻게 해야 기분이 나아지겠어요? 딸에게 씻지 않아서 생긴 냄새가 아니라고 설명할 거야. 건강하게 출산할 수 있기를 바라고 있군요.,"딸이 나한테 씻지 않아서 냄새가 난다고 하더라. 사실은 그렇지 않은데, 그런 오해를 하니까 속상해. 그래서 딸한테 씻지 않아서 생긴 냄새가 아니라고 잘 설명해주기로 했어. 건강하게 자라길 바라는 마음이야.","1. 딸이 나를 바라보며 씻지 않아서 냄새가 난다고 말하고 있다.  
2. 나는 딸에게 진지하게 설명하며 속상한 마음을 전하고 있다.  
3. 따뜻한 햇살이 방 안을 가득 채우고 있다."
train_345,"대인관계(부부, 자녀)",당황,부끄러운,딸의 그림일기에 내가 가장 무서운 사람으로 그려져 있어서 부끄러운 마음이 들었어. 딸의 그림일기를 보고 부끄러운 마음이 드셨군요. 내가 딸에게 잘 못 해준 것 같아서 마음이 좋지 않았어. 힘드셨겠어요. 현재에 감정에서 벗어나려면 어떻게 하면 좋을까요? 딸과 이야기를 해보고 딸에게 무섭지 않게 잘 대해줘야겠어. 문자로 사랑한다는 마음이 잘 전해졌으면 좋겠네요.,"오늘 딸의 그림일기를 보다가 깜짝 놀랐어. 내가 제일 무서운 사람으로 그려져 있더라. 부끄럽기도 하고, 마음이 아프기도 했어. 딸에게 더 잘해줘야겠다는 생각이 들었어. 문자로 사랑한다고 전해주고 싶어.",1. 딸이 그린 그림일기 속에서 내가 무서운 모습으로 그려져 있다. 2. 딸의 그림을 보며 부끄러운 마음이 드는 엄마의 표정이 떠오른다. 3. 따뜻한 감정이 담긴 문자 메시지를 보내고 싶어하는 마음이 느껴진다.
train_347,"대인관계(부부, 자녀)",당황,부끄러운,우리 딸이 맨날 나만 보면 돼지라고 놀려서 속상해. 따님이 돼지라고 놀려서 속상하시겠어요. 집에서만 그러면 상관없는데 밖에서도 돼지라고 부를 때 너무 부끄러워. 어떻게 해야 이 문제를 해결할 수 있을까요? 딸한테 밖에서 그렇게 부르지 말라고 주의를 줘야겠어. 정말 싫다고. 울음 참기 교육을 시키려 하시는군요.,"오늘 딸이 밖에서 나를 돼지라고 부르더라. 너무 부끄러워서 어떻게 해야 할지 고민했어. 집에서는 장난으로 하는 건 괜찮은데, 밖에서는 좀 심하네. 그래서 딸한테 조심하라고 말해줬어. 앞으로는 그렇게 부르지 않았으면 좋겠어.",1. 딸이 공원에서 나를 돼지라고 부르며 웃고 있다. 2. 주변 사람들이 우리를 쳐다보며 미소 짓고 있다. 3. 나는 부끄러움에 얼굴이 빨개져 있다.
train_349,"대인관계(부부, 자녀)",당황,혼란스러운,아들과 치과에 갔는데 치료비가 너무 많이 나왔어. 치료비가 많이 나왔군요. 양치질을 잘하라고 그렇게 얘기했는데 말을 잘 안 들어. 지금 상황에서 해볼 만한 일이 뭐가 있을까요? 규칙적으로 닦게끔 옆에서 교육을 시켜야겠어. 아들 덕분에 행복한 시간을 보내셨군요.,"오늘 아들과 치과에 갔는데 치료비가 너무 많이 나왔어. 양치질을 잘하라고 그렇게 얘기했는데, 아들이 잘 안 듣네. 앞으로는 규칙적으로 닦게끔 옆에서 교육해야겠어. 아들 덕분에 행복한 시간을 보냈다.",1. 아들이 치과 의자에 앉아 긴장한 표정을 짓고 있다. 2. 치료비 영수증이 테이블 위에 놓여 있다. 3. 엄마가 아들에게 양치질을 강조하며 다정하게 이야기하고 있다.
train_350,"대인관계(부부, 자녀)",기쁨,기쁨,오늘 가족끼리 간 놀이동산에서 아들을 두 시간 만에 찾았어. 아들을 잃어버렸다가 찾으셨다니 놀라셨겠어요. 아들을 찾았을 때는 다행이라는 안도감과 함께 너무 기뻤어. 앞으로는 이런 상황에 어떻게 해야 할까요? 그래도 앞으로는 아들을 잃어버리지 않게 잘 챙겨야겠어. 자식들이 부족함 없게 도와주려고 하시는군요.,"오늘 놀이동산에서 아들을 두 시간이나 찾지 못했어. 정말 깜짝 놀랐고, 아들을 찾았을 때는 안도감이 밀려왔어. 아들이 다시 내 곁에 있으니 너무 기뻤다. 앞으로는 이런 일이 없도록 더 잘 챙겨야겠어.","1. 놀이동산의 사람들 속에서 아들이 사라졌다가 다시 나타났다.  
2. 아들이 내 품에 돌아왔을 때의 안도감이 느껴진다.  
3. 주변의 소음 속에서도 아들의 존재가 얼마나 소중한지 깨닫는다."
train_355,"대인관계(부부, 자녀)",슬픔,실망한,우리 아들이 피아노 좀 잘 쳤으면 좋겠는데 재능이 없는 거 같아 속상해. 아들이 재능이 없는 것 같아 속상하시군요. 아들이 피아노 잘 치면 뒷받침 잘해주고 싶었는데 뜻대로 잘 안되네. 이 상황에서 할 수 있는 게 뭐가 있을까요? 아들이랑 이야기해 보고 계속 피아노를 할지 결정해야겠어. 딸과 대화를 잘 나누셨으면 좋겠어요.,"오늘 아들이 피아노 연습하는 모습을 보면서 속상한 마음이 들었어. 아들이 잘 치면 좋겠는데, 재능이 없는 것 같아서 마음이 아프네. 그래도 아들과 이야기해보고 계속 피아노를 할지 결정해야겠어. 아들이 피아노 앞에서 진지한 표정으로 연습하는 모습이 참 귀여워.",1. 아들이 피아노 앞에 앉아 진지한 표정으로 연습하고 있다. 2. 작은 손가락이 건반 위를 오가며 소리를 만들어낸다. 3. 방 안에 피아노 소리가 잔잔하게 퍼져나가고 있다.
train_357,"대인관계(부부, 자녀)",슬픔,후회되는,딸과 싸우다가 상처 주는 말을 해서 정말 후회돼. 상처 주는 말을 해서 후회가 되시는군요. 딸이 마음에 상처 입고 방에서 나오지 않고 있어. 지금의 상황을 변화시키기 위해 무엇을 해야 할까요? 딸에게 먼저 사과하고 이야기를 나눠봐야겠어. 딸을 응원하며 지켜보려고 하시는군요.,오늘 딸이랑 싸우다가 상처 주는 말을 해버렸어. 정말 후회돼. 딸이 방에 들어가서 나오지 않더라. 그래서 먼저 사과하고 이야기를 나눠보려고 해. 딸이 마음이 아프지 않게 잘 지켜봐야겠어.,1. 딸이 방 안에서 조용히 혼자 시간을 보내고 있다. 2. 방 안의 조명이 부드럽게 비추고 있다. 3. 엄마가 딸을 걱정하며 방 밖에서 기다리고 있다.
train_367,"대인관계(부부, 자녀)",당황,당황,애정표현을 잘 안 하던 아들이 갑자기 사랑한다고 말해서 너무 당황스러워. 아들이 갑자기 사랑한다고 말해서 많이 당황하셨나 봐요? 무슨 안 좋은 일이 있는 게 아닌지 걱정되네. 얘가 이럴 리가 없는데. 많이 걱정되는 거 같은데 어떻게 하면 그 기분이 나아질까요? 나도 아들에게 사랑한다고 말하고 반응이 어떤지 한번 지켜봐야겠어. 아들과 함께 좋은 시간을 보내셨으면 좋겠어요.,오늘 아들이 갑자기 사랑한다고 말했어. 너무 놀라서 뭐라고 대답해야 할지 한참 고민했지. 아들이 이렇게 표현하는 걸 보니 뭔가 특별한 기분이 드네. 나도 아들에게 사랑한다고 말해줘야겠어. 함께 좋은 시간을 보내고 싶어.,1. 아들이 사랑한다고 말하며 밝은 표정을 짓고 있다. 2. 엄마는 놀라움과 기쁨이 섞인 표정으로 아들을 바라보고 있다. 3. 따뜻한 햇살이 방 안을 가득 채우고 있다.
train_372,"대인관계(부부, 자녀)",기쁨,기쁨,딸이 다 컸나 봐. 내 생일이라고 선물로 미역국과 케이크를 만들어줬어. 따님 분의 선물에 감동을 받으셨나 보군요. 다 커서 이런 선물도 주고 오늘은 정말 기분이 좋네. 어떻게 딸에게 마음을 표현할까? 따님의 정성에 기쁘신가 보군요. 마음을 표현할 수 있는 대안은 무엇이 있을까요? 딸이 좋아하는 음식으로 가족들과 저녁에 외식을 해야겠어. 즐거운 여행이 되길 바라요.,"오늘은 내 생일이었어. 딸이 미역국과 케이크를 만들어줬는데, 정말 감동이었어. 이렇게 다 컸구나 싶고, 기분이 너무 좋더라. 딸이 좋아하는 음식으로 저녁에 외식하기로 했어. 가족과 함께하는 시간이 더 소중하게 느껴져.",1. 딸이 정성스럽게 만든 미역국과 케이크가 식탁에 놓여 있다. 2. 따뜻한 미역국의 김이 모락모락 피어오른다. 3. 가족이 함께 웃으며 저녁을 준비하는 모습이 따뜻하다.
train_373,"대인관계(부부, 자녀)",기쁨,기쁨,딸의 건강이 회복되어 이제 약을 안 먹어도 된대. 딸의 건강이 회복되어 기쁘시겠어요. 아파도 내색 없이 견뎌 낸 딸에게 고마워서 뭔가 선물을 해 주고 싶어. 어떤 선물이 딸에게 그 기쁨을 전할 수 있을까요? 그동안 바깥출입을 못 해봤으니 함께 여행을 가야겠어. 가족들과 여행하면서 행복하셨으면 좋겠어요.,딸이 건강이 회복됐다는 소식에 정말 기쁘다. 아파도 내색 없이 잘 견뎌준 딸에게 고마운 마음이 가득해. 그래서 뭔가 특별한 선물을 해주고 싶어. 오랜만에 가족과 함께 여행을 가서 행복한 시간을 보내면 좋겠어.,1. 딸이 건강을 되찾아 환한 미소를 짓고 있다. 2. 가족이 함께 여행을 계획하며 즐거운 대화를 나누고 있다. 3. 따뜻한 햇살 아래에서 행복한 순간을 기대하고 있다.
train_378,"대인관계(부부, 자녀)",슬픔,후회되는,딸이 몸이 불편한데 얼마 전에 나보고 소리를 지르면서 울더라. 조금 더 자세히 알고 싶어요. 내가 너무 엄하게 굴어서 자기는 기가 죽어 살아왔대. 그 말이 비수로 꽂혀서 너무 후회돼. 엄하게 군 자신이 후회가 되시겠어요. 지금 상황에서 할 수 있는 일이 없을까요? 일단 딸에게 상처 준 것에 대해 사과하려고 해. 올바른 식단과 운동으로 건강한 생활을 즐기시길 바라요!,"오늘 딸이 몸이 불편하다고 울더라. 그 모습이 너무 안쓰러워서 마음이 아팠어. 내가 너무 엄하게 굴었던 것 같아. 딸이 나한테 기가 죽어 살아왔다고 하니까, 그 말이 가슴에 비수처럼 꽂혔어. 그래서 지금은 딸에게 사과하려고 해. 앞으로는 더 따뜻하게 대해줘야겠어.",1. 딸이 아프다고 울며 나를 바라보고 있다. 2. 엄마의 마음이 아프고 후회로 가득 차 있다. 3. 따뜻한 분위기 속에서 서로의 마음을 나누려는 모습이 보인다.
train_388,"연애,결혼,출산",기쁨,감사하는,오늘 내 아이를 출산했어. 출산 후의 감정이 어떠신가요? 이렇게 건강하고 무사히 태어나줘서 정말 감사해. 아기가 건강하게 태어나서 감사한 마음이 드시는군요.,오늘 아기를 출산했어. 이렇게 건강하게 태어나줘서 정말 감사해. 아기가 내 품에 안겨서 조용히 숨 쉬는 모습이 너무 사랑스럽더라. 아기의 작은 손가락이 내 손가락을 감싸고 있는 걸 보니 마음이 따뜻해졌어.,1. 아기가 엄마 품에 안겨 조용히 숨을 쉬고 있다. 2. 작은 손가락이 엄마 손가락을 감싸고 있다. 3. 아기의 얼굴이 평온하게 잠들어 있다.
train_389,"연애,결혼,출산",기쁨,감사하는,이번에 아이 낳고 조리원에 있어 보니까 정말 감사하더라고. 어떤 부분이 감사하게 느껴지셨어요? 내가 직접 겪고 보니까 아이가 건강하게 출산하는 게 보통 일이 아니더라고. 아이가 건강하게 태어나서 감사함을 느끼셨군요. 주위 사람들을 보니까 출산할 때 아이한테 문제가 생기거나 큰일이 나는 경우가 꽤 있더라고. 정말 건강하게 태어난 것만으로도 충분한 것 같아. 건강하게 태어난 것만으로도 충분히 감사하다 느끼시는군요.,"조리원에서 아기를 보면서 정말 감사한 마음이 드네. 아이가 건강하게 태어난 게 얼마나 큰 기쁨인지 다시 한번 느꼈어. 주변에서 출산할 때 힘든 일들이 많다는 얘기를 듣고, 우리 아기가 이렇게 건강하게 태어난 것만으로도 정말 고마워. 아기를 안고 있으면 그저 행복해.",1. 아기가 조리원 침대에서 편안하게 누워 있다. 2. 엄마의 따뜻한 손길이 아기의 작은 손을 감싸고 있다. 3. 조리원 창문으로 들어오는 햇살이 아기의 얼굴을 부드럽게 비춘다.
train_390,"연애,결혼,출산",기쁨,기쁨,어제 자연분만으로 아기를 낳았어! 너무 기쁘고 행복해. 아이를 낳아서 기쁘시군요. 가족 모두가 한마음으로 기뻐하고 있어. 너무 행복해. 가족들도 기뻐하는군요. 얼른 퇴원해서 아이랑 놀고 싶어. 얼른 퇴원해서 아이랑 놀고싶으시군요.,어제 자연분만으로 아기를 낳았어! 너무 기쁘고 행복해. 가족 모두가 한마음으로 기뻐하고 있어. 얼른 퇴원해서 아기랑 놀고 싶어.,"1. 아기가 태어난 병원 침대 위에서 가족들이 기뻐하는 모습이 보인다.  
2. 따뜻한 햇살이 병실 창문을 통해 들어와 아기를 감싸고 있다.  
3. 가족들이 아기를 바라보며 환한 미소를 짓고 있다."
train_391,"연애,결혼,출산",기쁨,기쁨,드디어 아이를 낳았어. 아이를 낳으셨군요. 새로운 가족이 생겨서 기뻐. 새로운 가족이 생겨서 기쁘시군요. 혼내지 않고 잘 키울 거야. 아이를 잘 키울 생각이시군요.,드디어 아기를 낳았어. 새로운 가족이 생겨서 정말 기쁘네. 혼내지 않고 잘 키울 생각이야. 아기가 자라나는 모습을 보면서 매일매일 행복해질 것 같아.,1. 아기가 조용히 잠든 모습이 사랑스럽다. 2. 방 안은 따뜻한 분위기로 가득 차 있다. 3. 아기의 작은 손이 포근한 이불 위에 놓여 있다.
train_392,"연애,결혼,출산",기쁨,만족스러운,딸을 출산했는데 정말 예뻐. 내 아이지만 만족스러워. 아기가 예뻐서 만족스러우시군요. 예쁜 딸이랑 빨리 대화하고 싶어. 딸이랑 빨리 대화를 하고 싶으시군요. 얼른 컸으면 좋겠어. 얼른 컸으면 좋겠다고 생각하시는군요.,"오늘 딸이 태어났어. 정말 예쁘고 사랑스러워. 내 아이지만 이렇게 예쁜 아이가 태어나다니 믿기지가 않아. 얼른 컸으면 좋겠고, 대화도 나눠보고 싶어. 딸이랑 함께하는 날이 기다려져.",1. 아기가 조용히 잠들어 있는 모습이 사랑스럽다. 2. 작은 손가락이 주먹을 쥐고 있는 모습이 귀엽다. 3. 아기의 얼굴에 미소가 번지는 듯한 느낌이 든다.
train_393,"연애,결혼,출산",슬픔,실망한,내 아들이지만 가끔 보면 누굴 닮았나 싶어. 많이 속상하신 것 같아요. 어쩌다 그런 생각을 했는지 말해보시겠어요? 올해 들어 편식하기 시작하더니 오늘은 밥을 아예 안 먹겠다지 뭐야. 아이가 말을 듣지 않아서 실망스러우시겠어요. 좋은 방법이 있을까요? 앞으로 편식하면 아예 밥을 안 줘야겠어. 편식하면 밥을 안 주기로 결심하셨군요.,"오늘 아들이 편식 때문에 밥을 아예 안 먹겠다고 하더라. 가끔은 누굴 닮았나 싶기도 하고, 그런 모습이 속상하기도 해. 앞으로는 편식하면 아예 밥을 안 주기로 결심했어. 아이가 말을 잘 듣지 않아서 실망스럽기도 하고, 좋은 방법이 없을까 고민해봤어.","1. 아들이 밥을 거부하며 불만스러운 표정을 짓고 있다.  
2. 식탁 위에는 남겨진 밥그릇이 놓여 있다.  
3. 엄마는 아들의 행동을 보며 고민에 빠져 있다."
train_397,"대인관계(부부, 자녀)",불안,조심스러운,아들이 요즘 한창 인상을 쓰고 다니는데 대화를 하고 싶어서 안방으로 불렀어. 아들과 대화를 하고 싶으시군요. 표정이 좋지 않아서 조심스러우시겠어요. 아들에게 인상 쓰지 말라고 말해야 할지 고민 중이야. 말을 해야 할지 고민 중이시군요. 어떻게 하는 것이 가장 좋을 방법일까요? 인상을 쓰고 다니면 본인과 아들을 보는 사람들의 기분이 좋지는 않을 테니 말해야겠어. 상대방에게 잘 이야기하면 좋겠어요.,"요즘 아들이 인상을 쓰고 다니는 게 걱정이야. 그래서 안방으로 불러서 대화를 해봤어. 아들이 표정이 좋지 않아서 조심스러웠지만, 잘 이야기해보려고 했지. 인상을 쓰면 주변 사람들도 기분이 좋지 않을 테니까, 꼭 말해줘야겠어.",1. 아들이 안방에서 인상을 쓰고 있다. 2. 엄마가 아들을 불러서 대화를 시도하고 있다. 3. 방 안의 분위기가 조금 긴장감이 감돈다.
train_398,"대인관계(부부, 자녀)",불안,조심스러운,크리스마스 선물을 숨기고 없는 척하다가 아이들이 자는 사이에 몰래 줬어. 선물을 숨기셨군요. 들킬까 봐 불안하시겠어요. 아이들이 왜 없는 척했냐고 하면 뭐라고 해야 할지 고민 중이야. 어떤 말을 할지 고민 중이시군요. 아이들이 화나지 않을만한 방법이 뭐가 있을까요? 산타 할아버지가 와서 줬다고 해야지. 아이들이 잘 믿어줬으면 좋겠어요.,크리스마스 선물을 아이들이 자는 사이에 몰래 줬어. 선물을 숨기고 없는 척하느라 마음이 조마조마했지. 아이들이 화나지 않게 산타 할아버지가 줬다고 해야겠다고 생각했어. 아이들이 잘 믿어줬으면 좋겠어.,"1. 크리스마스 선물이 조용히 숨겨져 있다.  
2. 아이들이 잠든 방 안은 고요하고 따뜻하다.  
3. 작은 선물들이 크리스마스의 기대감을 더해준다."
train_400,"대인관계(부부, 자녀)",분노,짜증내는,오늘 딸이 머리를 감고 머리카락을 치우지 않았어. 어쩜 좋을까? 딸이 머리를 감고 머리카락을 치우지 않아 속상하시군요. 딸 버릇을 고칠 수 있는 좋은 방법이 없을까? 어떤 방법이 최고의 방법이라 생각하세요? 딸한테 선물을 주면서 다시한번 이야기를 해보려고 해. 딸과의 대화로 잘 해결됐으면 좋겠어요.,"오늘 딸이 머리를 감고 나서 머리카락을 치우지 않았어. 그래서 속상했지만, 딸한테 선물을 주면서 다시 이야기해보려고 해. 딸이 잘 이해했으면 좋겠어. 우리 딸이 버릇을 고칠 수 있도록 도와주고 싶어.",1. 딸이 머리를 감고 나서 물기가 있는 머리카락을 흩뿌리고 있다. 2. 작은 손으로 머리카락을 만지작거리는 모습이 귀엽다. 3. 엄마가 딸에게 선물을 주며 대화를 나누고 있다.
train_401,"대인관계(부부, 자녀)",분노,툴툴대는,아들에게 어제 방 청소를 하라고 잔소리를 했어. 그런데 마음이 안 좋아. 잔소리를 하셨군요. 마음이 많이 쓰이셨겠어요. 맞아 나는 이렇게 마음이 쓰이는 건 알까 아들이? 그래도 미안하다고 사과를 할까? 미안하다고 사과를 하실지 고민 중이시군요. 어떻게 하는 것이 좋은 방법일까요? 아무래도 사과를 하고 다시 잘 풀어야겠어. 내가 심했던 것 같아. 사과를 하실 생각이시군요. 좋은 관계로 다시 회복되길 바랄게요.,"어제 아들에게 방 청소하라고 잔소리를 했어. 그게 마음에 걸려서 오늘도 계속 생각나네. 아들이 내 마음을 알까? 미안하다고 사과해야 할까 고민 중이야. 그래도 아들과의 관계가 소중하니까, 사과하고 다시 잘 지내야겠어.","1. 아들이 방 청소를 하라고 잔소리 듣고 조금 찡그린 표정을 짓고 있다.  
2. 엄마는 아들에게 미안하다고 사과할 생각에 마음이 무겁다.  
3. 따뜻한 햇살이 방 안으로 들어와 두 사람의 대화를 감싸고 있다."
train_402,"대인관계(부부, 자녀)",분노,툴툴대는,딸이 원래 통금시간보다 늦게 들어오고 싶다며 툴툴댔어. 말투만 고치면 들어줄 텐데 짜증이나. 따님 말투 때문에 짜증이 나셨군요. 많이 신경 쓰이시겠어요. 응 신경이 많이 쓰여. 말투를 고쳐달라고 말해볼까? 직접 말투에 대하여 말씀하실지 고민 중이시군요. 어떻게 하는 편이 나을까요? 좋은 말투로 이야기를 해봐야겠어. 그래야 내 마음도 편할 것 같아. 잘 이야기 해보실 생각이시군요. 잘 해결되셨으면 좋겠네요.,"오늘 딸이 통금시간을 늦추고 싶다고 툴툴대더라. 말투가 좀 거슬리긴 했지만, 그래도 내 마음을 편하게 해주고 싶어서 잘 이야기해보려고 해. 딸이 좋은 말투로 이야기하면 서로 기분이 좋을 것 같아.","1. 딸이 통금시간을 늦추고 싶어 툴툴대고 있다.  
2. 엄마는 딸의 말투가 거슬리지만, 대화를 통해 해결하고 싶어 한다.  
3. 따뜻한 분위기 속에서 서로의 마음을 이해하려고 노력하는 모습이 보인다."
train_407,"대인관계(부부, 자녀)",당황,부끄러운,뷔페에 내가 좋아하는 과일이 많이 남아서 싸가려는데 딸이 창피하다고 하네. 좋아하는 과일 조금 싸가려는데 딸이 말려서 속상하셨겠어요. 보는 사람들도 별로 없었고 아주 조금만 가져가려고 한 거였어. 어떻게 하면 기분이 나아질까요? 지금 나의 속상한 마음을 알아주는 사람이 있었으면 좋겠어. 속상한 마음을 알아줄 수 있는 사람이 있었으면 좋겠어요.,"오늘 뷔페에 갔는데 내가 좋아하는 과일이 많이 남아 있었어. 그래서 조금 싸가려고 했더니 딸이 창피하다고 하더라. 나는 그냥 조금만 가져가고 싶었는데, 속상한 마음이 드는 건 어쩔 수 없네. 주변에 보는 사람도 별로 없었는데 말이야. 딸이 내 마음을 이해해줬으면 좋겠어.",1. 뷔페에서 과일이 가득 쌓여 있는 모습이 보인다. 2. 엄마가 과일을 싸려는 모습에 딸이 창피해하는 표정이 떠오른다. 3. 주변에는 손님들이 드문드문 앉아 있는 조용한 분위기다.
train_408,"대인관계(부부, 자녀)",상처,배신당한,애들이 다 그런가 안 싸운다 약속해놓고 또 싸워서 울고불고 난리야. 아이들이 또 싸웠다니 상처받으셨군요. 장난감 때문에 싸운 것 같아. 장난감 자동차를 한 개만 사줬거든. 아이들이 다시 싸우지 않기 위해선 어떻게 하는 게 좋을까요? 장난감을 두 개 사주거나 양보하는 것을 알려줘야겠어. 여러 방법들이 아이들과의 관계 회복에 도움이 되었으면 좋겠네요.,오늘 아이들이 장난감 자동차 하나 때문에 또 싸웠어. 약속해놓고도 울고불고 난리더라. 장난감이 하나밖에 없으니 서로 양보하는 게 쉽지 않지. 다음엔 장난감을 두 개 사주거나 양보하는 방법을 알려줘야겠어. 아이들이 다시는 싸우지 않았으면 좋겠다.,"1. 아이들이 장난감 자동차를 두고 다투고 있다.  
2. 울음소리가 방 안에 가득 차 있다.  
3. 장난감 하나를 두고 서로 양보하지 못하는 모습이 안타깝다."
train_410,"대인관계(부부, 자녀)",분노,성가신,우리 애들은 언제쯤 알아서 할는지. 무슨 일인지 자세히 말씀해주세요. 우리 애들이 아직 어려서 등하교 시켜줘야 하고 숙제도 옆에서 봐줘야 하고 준비물도 챙겼는지 확인해야 하고 어휴 신경 쓸게 왜 이리 많은지.  아이들을 챙겨주는 게 번거롭고 신경 쓰이는군요. 맞아. 사소한 것도 다 엄마 엄마 하면서 다해달라고 하니까 여간 성가신 게 아니야. 엄마를 많이 찾아 성가시군요. ,오늘도 애들이 알아서 해주길 바라면서 등하교 시켜줬어. 숙제도 옆에서 봐주고 준비물 챙기는 게 이렇게 힘든 줄 몰랐네. 애들이 엄마를 찾을 때마다 성가신 마음이 드는 건 어쩔 수 없나 봐. 그래도 애들이 필요로 할 때 곁에 있어주는 게 엄마의 역할이니까.,1. 아이들이 엄마를 찾으며 성가시게 애교를 부린다. 2. 숙제를 하며 집중하는 모습이 귀엽다. 3. 준비물을 챙기는 바쁜 손길이 분주하게 움직인다.
train_413,"연애,결혼,출산",슬픔,눈물이 나는,곧 출산을 앞두고 있어. 곧 출산을 앞두고 있으시군요. 맞아. 내 배 속에 있던 아기를 낳는다고 생각하니까 괜히 눈물이 나네. 아이를 낳는다는 생각에 눈물이 나시는군요.,"곧 아기를 낳게 된다는 생각에 마음이 복잡해. 내 배 속에서 자라고 있는 아기가 세상에 나올 준비를 하고 있겠지. 눈물이 나기도 하지만, 그만큼 기대도 돼. 아기를 처음 만나는 순간이 정말 기다려져.",1. 엄마의 배 속에서 아기가 자라고 있다. 2. 엄마의 눈가에 맺힌 눈물이 아기의 탄생을 기다리고 있다. 3. 아기를 만날 날이 가까워지며 마음이 설레고 있다.
train_418,"대인관계(부부, 자녀)",불안,조심스러운,아들이 요즘 한창 인상을 쓰고 다니는데 어떻게 말을 걸어야 할지 조심스러워. 아들에게 말 걸기가 조심스러우시군요. 아들에게 인상 쓰지 말라고 말해야 할지 고민 중이야. 말을 해야 할지 고민 중이시군요. 어떻게 하는 것이 가장 좋을 방법일까요? 인상을 쓰고 다니면 본인과 아들을 보는 사람들의 기분이 좋지는 않을 테니 아들에게 맛있는 걸 먹으며 말해야겠어. 맛있는 걸 드시며 이야기가 잘 되었으면 좋겠어요.,"요즘 아들이 인상을 쓰고 다니는 게 걱정이야. 어떻게 말을 걸어야 할지 고민하다가, 맛있는 걸 먹으면서 이야기해보려고 해. 아들이 좋아하는 간식을 준비해두고, 그때는 좀 더 편하게 대화할 수 있을 것 같아. 아들이 웃는 모습을 다시 보고 싶어.",1. 아들이 인상을 쓰고 있는 모습이 자주 보인다. 2. 엄마는 아들에게 맛있는 간식을 준비하고 있다. 3. 따뜻한 분위기 속에서 대화를 나누려는 엄마의 마음이 느껴진다.
train_419,"대인관계(부부, 자녀)",불안,조심스러운,크리스마스 선물을 숨기고 없는 척하다가 아이들이 자는 사이에 몰래 주려고. 조금 더 자세히 이야기를 듣고 싶어요. 아이들이 왜 없는 척했냐고 하면 뭐라고 해야 할지 고민 중이야. 어떤 말을 할지 고민 중이시군요. 어떻게 말하는 게 가장 좋은 방법일까요? 산타 할아버지가 와서 줬다고 해야 할 것 같아. 산타 할아버지가 줬다고 말하려고 하시는군요.,오늘 크리스마스 선물을 숨겨놓고 아이들이 자는 사이에 몰래 주려고 해. 아이들이 왜 없는 척했냐고 물어보면 뭐라고 대답해야 할지 고민 중이야. 산타 할아버지가 와서 줬다고 해야 할 것 같아. 아이들이 기뻐할 모습이 벌써부터 기대돼.,1. 크리스마스 선물이 조용히 숨겨져 있다. 2. 아이들이 잠든 방 안은 고요하고 따뜻하다. 3. 산타 할아버지의 선물에 대한 기대감이 방 안을 가득 채운다.
train_422,"대인관계(부부, 자녀)",슬픔,마비된,아들이 나랑 대화를 안 할려고 해서 마음이 안 좋네. 아드님이 대화를 하려고 하지 않아 속상하시군요. 어떻게 하면 좋을까요? 아들이 좋아하는 관심사가 뭔지 알아봐야겠어. 그러면 대화할 수 있지 않을까? 아드님의 관심사를 파악해 대화하려고 하시는 군요.,아들이 나랑 대화를 잘 안 하려고 해서 마음이 좀 아프네. 아들이 좋아하는 게 뭔지 알아보려고 해. 그걸 알면 대화도 좀 더 잘할 수 있을 것 같아. 오늘은 아들이 어떤 생각을 하고 있을지 궁금해지더라.,"1. 아들이 나를 피하는 듯한 표정으로 조용히 앉아 있다. 2. 방 안은 조용하고, 아들의 작은 손이 장난감을 쥐고 있다. 3. 창밖으로 햇살이 들어와 방 안을 따뜻하게 감싸고 있다."
train_423,"대인관계(부부, 자녀)",기쁨,안도,아들이랑 싸웠는데 아들이 먼저 사과를 해서 다행이야. 아드님이 먼저 사과를해서 다행이라 느끼시는군요. 응 잘못을 뉘우치는거 같더라고. 기특하게. 잘못을 뉘우치고 먼저 사과한 아드님을 기특하다 생각하시는 군요.,"오늘 아들이랑 싸웠는데, 아들이 먼저 사과하더라. 그 모습이 너무 기특했어. 잘못을 뉘우치는 모습이 참 예쁘고, 마음이 따뜻해졌어. 아들이 이렇게 성장하고 있구나 싶어서 뿌듯했어.",1. 아들이 사과하는 모습이 눈에 띄게 기특하다. 2. 아이의 표정에서 반성과 성장이 느껴진다. 3. 따뜻한 분위기 속에서 서로의 마음이 가까워진다.
train_426,"대인관계(부부, 자녀)",슬픔,슬픔,요새 아들과의 관계가 별로 안 좋아서 슬퍼. 아드님과 관계가 좋지 않아 슬프신 상황이시군요. 어떻게 하면 관계가 좋아질 수 있을까요? 아들이 좋아하는 음식을 차려주면서 먼저 다가가보려고. 아드님님과의 관계회복을 위해 아드님이 좋아하는 음식을 차려주면서 먼저 다가가실 계획이시군요.,"요즘 아들과의 관계가 좀 안 좋아서 마음이 아프네. 아들이 좋아하는 음식을 차려주면서 먼저 다가가 보려고 해. 그 모습이 아들이 웃는 모습으로 바뀌길 바라면서, 오늘은 어떤 음식을 해줄까 고민 중이야.","1. 아들이 좋아하는 음식을 준비하는 엄마의 모습이 보인다.  
2. 주방에서 재료를 손질하며 아들의 웃음을 상상하고 있다.  
3. 따뜻한 음식 냄새가 방 안에 퍼져 아들의 기분을 좋게 만들고 있다."
train_427,"대인관계(부부, 자녀)",기쁨,안도,어제 내 딸이랑 화해했어. 정말 다행이야. 따님과 화해해서 다행이라 생각하시는 군요. 따님과는 앞으로 어떻게 지내실 건가요? 다시는 싸우지 않기 위해 내가 많이 노력할꺼야. 따님과 싸우지 않기위해 노력하실 계획이시군요.,"어제 딸이랑 화해했어. 싸우고 나서 마음이 무거웠는데, 다시 웃으면서 이야기하니까 정말 다행이더라. 앞으로는 더 잘 지내려고 노력할 거야. 딸이랑 함께하는 시간이 소중하니까.",1. 딸과 함께 웃으며 이야기를 나누는 모습이 따뜻하다. 2. 서로의 마음을 이해하고 화해하는 순간이 평화롭다. 3. 작은 손을 잡고 함께하는 시간이 소중하게 느껴진다.
train_431,"대인관계(부부, 자녀)",상처,버려진,아들과 싸우고 나서 아들이 나한테 아무말도 안해서 소외감을 느껴. 많이 외로우시겠어요. 아드님과의 사이를 어떻게 회복하실 건가요? 이번에 아들 생일때 선물 주면서 화해 해야지. 아들 생일때 선물 주면서 화해하실 생각이시군요. 꼭 성공하길 바라요.,아들과 싸우고 나서 아들이 나한테 아무 말도 안 해서 많이 외로웠어. 아들 생일 때 선물 주면서 화해해야지. 아들이 웃는 모습을 다시 보고 싶어. 생일 선물 고르는 게 기대되네.,1. 아들이 조용히 방 안에 앉아 있다. 2. 생일 선물을 고르는 엄마의 손길이 바쁘다. 3. 아들의 웃음소리를 기다리는 마음이 따뜻하게 느껴진다.
train_432,"대인관계(부부, 자녀)",기쁨,기쁨,오랜만에 아들이랑 놀이공원가니까 재미있었어. 신나셨겠네요. 아들과 어떤 놀이기구에 탔나요? 아들이 회전목마 타고싶다고 해서 같이 탔어. 아드님과 놀이공원에서 즐거운 시간을 보내셨군요.,"오늘 아들이랑 놀이공원에 갔어. 아들이 회전목마를 타고 싶다고 해서 같이 탔는데, 정말 신나하더라. 회전목마가 돌아갈 때 아들이 웃는 모습이 너무 귀여웠어. 놀이공원에서 즐거운 시간을 보냈다.",1. 아들이 회전목마에 앉아 신나게 웃고 있다. 2. 화려한 조명이 놀이공원을 밝히고 있다. 3. 아들과 함께하는 즐거운 순간이 따뜻하게 기억된다.
train_441,"대인관계(부부, 자녀)",분노,짜증내는,오늘 딸이 머리를 감고 머리카락을 치우지 않아서 짜증이 나. 어쩜 좋을까? 딸이 머리를 감은 후 머리카락을 치우지 않아 속상하시군요. 딸 버릇을 고칠 수 있는 좋은 방법이 없을까? 딸의 버릇을 고치고 싶으시군요. 이 문제에 관해 딸과 어떻게 상의할 수 있을까요? 딸한테 선물을 주면서 한번 이야기를 다시 해봐야겠어. 선물을 주면서 딸과 대화하려 하시는군요.,오늘 딸이 머리를 감고 나서 머리카락을 치우지 않아서 좀 짜증났어. 어떻게 하면 딸이 머리카락을 잘 치울 수 있을까 고민했지. 딸한테 선물을 주면서 다시 이야기해보려고 해. 딸이 좋아하는 걸 주면 좀 더 잘 듣지 않을까 싶어.,1. 딸이 머리를 감고 나서 물기가 있는 머리카락이 흩어져 있다. 2. 작은 손이 머리카락을 치우지 않고 방 안에 널브러져 있다. 3. 엄마가 딸에게 선물을 주기 위해 미소를 지으며 다가가고 있다.
train_442,"대인관계(부부, 자녀)",분노,툴툴대는,내가 요리한 음식을 먹고 아들이 맛없다고 반찬 투정해서 짜증 나. 아드님이 반찬 투정을 해서 속상하셨군요. 맛이 없더라도 맛있다고 한 마디 해주면 덧나나? 이 화를 어떻게 풀어야 할지 고민 중이야. 어떻게 하면 화가 나는 지금의 감정이 누그러질 수 있을까요? 앞으로는 반찬투정하지 말라고 아들을 불러다 따끔하게 혼내야겠어. 아드님을 따끔하게 훈계하실 생각이시군요.,"오늘 아들이 내가 만든 음식을 맛없다고 투정하더라. 그 모습에 짜증이 나서 혼내고 싶었지만, 속상한 마음이 더 컸어. 그래도 아들이 맛있다고 한 마디 해주면 좋을 텐데, 어떻게 해야 할지 고민이야. 앞으로는 반찬 투정하지 말라고 따끔하게 이야기해야겠어.","1. 아들이 식탁에 앉아 반찬을 쳐다보며 불만스러운 표정을 짓고 있다.  
2. 엄마는 아들의 반응에 짜증이 나서 고민하는 모습이다.  
3. 식탁 위에는 정성스럽게 차려진 반찬들이 놓여 있다."
train_444,"대인관계(부부, 자녀)",분노,성가신,아들 교육을 어떻게 해야 할지 고민이야. 아드님의 교육에 대한 부분이 고민이시군요. 어떤 이유에서 고민이 되시나요? 자기가 원하는 것을 얻기 위해서 심하게 떼를 써. 원하는 것을 얻으려고 너무 떼를 써서 문제군요. 어떤 방법으로 해결해야 할까요? 아이의 교육에 관한 책을 읽어봐야겠어. 영상도 찾아보고 실천해보려고. 아드님을 잘 교육할 수 있는 좋은 방법을 찾으시면 좋겠어요.,요즘 아들이 원하는 걸 얻으려고 떼를 많이 써서 고민이야. 어떻게 교육을 해야 할지 생각해봤어. 책도 읽고 영상도 찾아보면서 좋은 방법을 찾아봐야겠다. 아들이 더 잘 자라길 바라는 마음이 커.,1. 아들이 떼를 쓰며 원하는 것을 얻으려 애쓰고 있다. 2. 엄마는 아들을 위해 교육 방법을 고민하고 있다. 3. 책과 영상을 통해 아들을 잘 교육할 방법을 찾으려 한다.
train_445,"대인관계(부부, 자녀)",분노,성가신,딸이 손에 박힌 가시를 빼달라고 나한테 떼를 써. 따님이 손에 가시가 박혔는데 빼달라고 떼를 쓰는 군요. 혼자 하는 습관을 들여야 하는데 만날 해달라고 해서 걱정이야. 혼자 하는 습관을 들이려면 어떻게 하는 것이 가장 좋은 방법일까요? 작은 것부터 혼자서 스스로 하는 습관을 갖도록 해줘야겠어. 따님이 스스로 하는 습관을 들이기를 바라요.,"오늘 딸이 손에 가시가 박혀서 나한테 떼를 썼어. 가시를 빼주려고 하니까 혼자서 해보라고 했는데, 자꾸 나한테 와서 도와달라고 하네. 혼자 하는 습관을 들여야 하는데 걱정이야. 작은 것부터 스스로 할 수 있도록 도와줘야겠다.","1. 딸이 손에 박힌 가시를 빼달라고 떼를 쓰고 있다.  
2. 엄마가 딸에게 혼자서 해보라고 말하고 있다.  
3. 주변에는 가시가 박힌 손을 쥐고 있는 딸의 모습이 보인다."
train_446,"대인관계(부부, 자녀)",분노,성가신,아들이 축구놀이를 하다가 이웃집 창문을 깨버렸어. 혼내야 하는데 걱정이다. 아들이 공놀이를 하다가 창문을 깨버렸군요 걱정이겠어요. 혼내야 하는데 아들을 혼내려니 걱정이야. 혼내는 게 걱정이시겠어요. 어떻게 하실지 말씀해 주시겠어요? 일단 잘못한 점을 알려주고 다음부터 안 그러게 교육을 시켜야겠어. 아드님이 사용자님이 원하는 것을 잘 이해하면 좋겠어요.,오늘 아들이 축구놀이 하다가 이웃집 창문을 깨버렸어. 혼내야 하는데 걱정이 많이 되더라. 잘못한 점을 알려주고 다음부터는 조심하라고 교육해야겠어. 아들이 잘 이해했으면 좋겠어.,1. 아들이 축구공을 차다가 이웃집 창문을 깨버린 상황이다. 2. 아들의 표정은 걱정스러움이 가득하다. 3. 주변에는 축구공과 함께 놀고 있는 다른 아이들이 있다.
train_447,"대인관계(부부, 자녀)",슬픔,비통한,딸이랑 또 다퉜어. 딸과 무슨 일로 싸우셨나요? 청소 해줬는데 고마워하긴 커녕 성을 내네. 딸이 고마워하지 않고 성을 내서 싸우셨군요.,오늘 딸이랑 또 다퉜어. 내가 청소해줬는데 고마워하지 않고 성을 내더라. 그 모습이 너무 속상했어. 그래도 딸이 웃는 모습이 떠올라서 마음이 조금 풀리네.,1. 딸이 방 한쪽에서 불만 가득한 표정으로 서 있다. 2. 청소한 방이 깔끔하게 정돈되어 있다. 3. 엄마가 딸을 바라보며 안타까운 마음을 담고 있다.
train_449,"대인관계(부부, 자녀)",상처,버려진,아들과 싸우고 난 다음 아들이 나한테 아무말도 안 하니 소외감을 느껴. 많이 외로우시겠어요. 아드님과 사이를 어떻게 회복하실 건가요? 이번에 아들 생일때 선물 주면서 화해 해야지. 아들 생일때 선물로 화해를 하려고 하시는군요.,"아들과 싸우고 나서 아들이 나한테 아무 말도 안 하니까 정말 외로웠어. 아들이 생일 때 선물로 화해하려고 하는데, 그때는 꼭 사이가 좋아졌으면 좋겠어. 아들이 웃는 모습을 다시 보고 싶어.",1. 아들이 조용히 방 한쪽에 앉아 있다. 2. 생일 선물을 준비하는 엄마의 손길이 바쁘다. 3. 아들의 얼굴에 서운함이 가득한 모습이 보인다.
train_451,"대인관계(부부, 자녀)",분노,좌절한,딸이 나한테 실망이래. 무슨 일 이신가요? 모르겠어 방 청소를 해줘도 난리네. 딸이 실망이라고 해서 화가 나셨군요.,"오늘 딸이 나한테 실망했다고 하더라. 방 청소를 해줬는데도 불만이 많아서 좀 속상했어. 그래도 딸이 나를 바라보는 눈빛이 귀여워서 화가 나기도 했지만, 결국은 이해해주기로 했어.","1. 딸이 방 안에서 불만스러운 표정을 짓고 있다. 2. 엄마가 청소한 방이 정돈되어 있지만, 딸의 마음은 복잡해 보인다. 3. 두 사람의 대화가 따뜻한 분위기를 만들어낸다."
train_454,"대인관계(부부, 자녀)",상처,충격 받은,몇 주 전에 아들이 태어났어! 몇 주 전에 아들이 태어났군요. 그런데 아들이 신체적으로 장애를 갖고 태어났어. 아들이 신체적으로 장애를 갖고 태어났군요. 아이를 처음 봤을땐 너무 충격도 크고 놀라워했는데 의사선생님께서 돌 정도 나이가 되면 수술하면 정상이 된다고 하더라구 아이를 처음 봤을땐 너무 충격도 크고 놀라워했는데 의사선생님께서 돌 정도 나이가 되면 수술하면 정상이 된다고 했군요.,"몇 주 전에 아들이 태어났어. 처음 아기를 봤을 땐 너무 놀라웠고, 신체적으로 장애가 있다는 소식에 마음이 아팠어. 의사선생님이 돌이 지나면 수술로 정상이 될 수 있다고 하더라. 그래도 아들이 건강하게 자라길 바라는 마음이 커.","1. 아기가 조용히 자고 있는 모습이 참 귀엽다.  
2. 작은 손가락이 이불 위에 놓여져 있다.  
3. 방 안은 따뜻한 조명으로 아기의 얼굴을 부드럽게 감싸고 있다."
train_455,"대인관계(부부, 자녀)",기쁨,기쁨,내 생일에 아들이 나를 사랑한다고 했어. 웃음이 떠나질 않아. 생일에 아들로부터 사랑한다는 말을 들었군요. 부끄러움이 많은 녀석인데도 사랑한다고 말해주니 정말 기분이 좋았어. 사랑이라는 최고의 생일 선물을 받으신 것 같아요. 이 기분을 어떻게 유지하는 게 좋을까요? 아들 생일 때 갖고 싶어하는 장난감을 마음껏 사줄거야. 아들 생일 때 갖고 싶어하는 장난감을 마음껏 사주려는군요.,내 생일에 아들이 나를 사랑한다고 말해줬어. 부끄러움이 많은 녀석인데도 그런 말을 해주니 정말 기분이 좋았어. 아들이 사랑한다고 말하는 모습이 너무 귀여웠어. 아들 생일 때는 그가 갖고 싶어하는 장난감을 마음껏 사줄 거야. 그 모습을 상상하니 벌써부터 기대가 돼.,"1. 아들이 부끄러워하며 사랑한다고 말하는 모습이 사랑스럽다.  
2. 생일 케이크 위에 촛불이 반짝이고 있다.  
3. 아들이 원하는 장난감을 고르는 모습이 즐거워 보인다."
train_458,"대인관계(부부, 자녀)",불안,취약한,오늘도 딸이랑 한마디를 못했어. 따님이랑 대화가 단절되어서 속상해 보여요. 요즘 특히 그래. 어떻게 말을 걸어야 좋을지도 모르겠어. 어떻게 하면 따님과 대화를 편히 나눌 수 있을까요? 정말 모르겠어. 주변에도 도움을 구해봐야지. 따님과의 대화를 위해 주변에 도움을 요청하실 생각이군요.,"오늘도 딸이랑 대화가 잘 안 돼서 속상했어. 요즘은 특히 더 그런 것 같아. 어떻게 말을 걸어야 할지 모르겠고, 주변에 도움을 요청해봐야겠어. 딸이랑 편하게 이야기 나누고 싶은데, 어떻게 해야 할지 고민이 많아.",1. 엄마가 딸과의 대화가 단절된 것에 대해 속상해하고 있다. 2. 주변에 도움을 요청할 생각을 하고 있다. 3. 딸과 편하게 대화하고 싶어하는 마음이 느껴진다.
train_463,"대인관계(부부, 자녀)",당황,죄책감의,아이와 대화가 되지 않아 무척 속상하네. 아이와 대화가 되지 않아 속상하시군요. 어떤부분이 속상하신건가요? 일하는 바쁜 엄마라 함께 시간을 많이 보내지 못해서 그런 건가 싶어.  일하는 바쁜 엄마라 함께 시간을 많이 보내지 못해서 아이와 대화가 되지 않는다고 생각하니 속상하신거군요.,"요즘 아이와 대화가 잘 안 돼서 속상하네. 바쁘게 일하다 보니 아이와 함께하는 시간이 부족한 것 같아. 아이가 뭘 생각하는지, 어떤 기분인지 잘 모르겠어서 마음이 아프다. 그래도 조금씩 더 대화하려고 노력해야겠다.",1. 아이가 조용히 앉아 나를 바라보고 있다. 2. 방 안은 따뜻한 햇살이 비추고 있다. 3. 아이의 작은 손이 내 손을 꼭 잡고 있다.
train_465,"연애,결혼,출산",분노,분노,아이를 낳고 나면 맥주를 마음껏 마실 수 있을거라 생각했는데 모유수유 때문에 마실 수 없다는 게 화가 나. 기대했던 일을 하지 못해서 화가 나는군요.  아이가 태어나니 오히려 신경써야 할 것도 많고 내 몸 관리에도 더 철저해야 해.  아이가 태어나니 오히려 신경써야 할 것도 많고 내 몸 관리에도 더 철저해야한다고 생각하는군요. 기분을 전환할 만한 방법이 있을까요? 아기를 재우고 난 뒤 무알콜 맥주라도 마시면 기분이 한결 나아지는 것 같아. 무알콜 맥주라도 마시면 마음이 한결 나아질거라고 생각하시는군요.,"아기를 낳고 나서 맥주를 마음껏 마실 수 있을 거라 생각했는데, 모유수유 때문에 못 마시는 게 좀 화가 나. 기대했던 것과는 다르게 신경 쓸 게 많아지고 내 몸 관리도 더 철저해야 하네. 아기를 재우고 나서 무알콜 맥주라도 마시면 기분이 한결 나아지는 것 같아. 오늘도 아기 재우고 나서 조용한 시간에 무알콜 맥주 한 잔 하면서 마음을 달래봤어.","1. 아기가 조용히 잠들어 있는 모습이 방 안에 평화로운 분위기를 만든다.  
2. 작은 손이 이불 위에 편안하게 놓여 있다.  
3. 부드러운 조명이 아기의 얼굴을 따뜻하게 감싸고 있다."
train_468,"대인관계(부부, 자녀)",상처,질투하는,부녀간이 너무 다정스러워서 시기가 나네. 부녀간이 너무 다정해서 질투가 나시는군요. 이 양반이 막내에게 유독 더 그러니 큰 딸도 질투하고. 막내에게 유독 더 다정하신 이유가 있을까요? 집안에 딸들이 귀해서 그러는데 막내에게는 천사표야. 막내에게 천사표라서 질투가 나셨군요.,오늘 아빠랑 막내가 너무 다정하게 놀고 있어서 질투가 나더라. 아빠가 막내한테만 천사처럼 대하는 모습이 귀여우면서도 좀 서운했어. 큰 딸도 그런 모습 보면서 질투하는 것 같아. 집안에 딸들이 많아서 그런지 아빠가 막내한테 더 애정이 가는 것 같아.,"1. 아빠가 막내를 품에 안고 다정하게 이야기하고 있다.  
2. 큰 딸이 그 모습을 보며 살짝 찡그린 표정을 짓고 있다.  
3. 집안의 따뜻한 분위기 속에서 가족의 사랑이 느껴진다."
train_473,"대인관계(부부, 자녀)",상처,충격 받은,아이가 말대꾸해서 깜짝 놀랐어. 지금까지 그런 적이 없었나요? 서로 바쁘다 보니 대화할 시간도 없었지. 이번에 말대꾸를 하는 것을 보고 놀랐어. 처음 겪는 상황에 놀라셨군요. 응. 어떻게 해결해야 하나 당황스럽더라구. 아이가 커서 그런지 자기 주장이 강해진 것 같아. 자기 주장이 강해진 아이의 태도를 어떻게 대응해야 할지 몰라 당황하셨군요.,"오늘 아이가 말대꾸를 해서 깜짝 놀랐어. 지금까지 그런 적이 없었는데, 서로 바쁘다 보니 대화할 시간도 없었지. 아이가 자기 주장을 강하게 하니까 당황스럽더라. 어떻게 대응해야 할지 고민이 많아.",1. 아이가 말대꾸를 하며 자신감 있는 표정을 짓고 있다. 2. 엄마는 놀란 표정으로 아이를 바라보고 있다. 3. 방 안은 조용하지만 긴장감이 감돌고 있다.
train_474,"연애,결혼,출산",슬픔,눈물이 나는,출산이 끝나고 아기랑 눈 맞춤을 하니 눈물이 펑펑 나왔어. 출산 후 아기의 눈을 보니 눈물이 나왔군요.  행복하고 신기한 경험이었어. 아기를 보고 신기하면서도 행복하셨군요.,출산하고 아기랑 눈 맞춤을 하니까 눈물이 펑펑 나왔어. 아기의 눈을 보니 정말 행복하고 신기한 경험이었어. 아기를 바라보면서 이렇게 감정이 넘치는 순간이 있다는 게 참 소중하네.,"1. 아기가 엄마와 눈을 맞추며 순수한 표정을 짓고 있다.  
2. 엄마의 눈가에 맺힌 눈물이 아기의 얼굴을 더욱 빛나게 한다.  
3. 따뜻한 방 안에서 두 사람의 감정이 서로를 감싸고 있다."
train_475,"연애,결혼,출산",당황,외로운,아이가 엄마 없는 설움을 안 당하게 하려고 부지런히 노력해도 안 되는 게 있네. 양육 문제로 답답함이 있으시군요. 무슨 일이 있나요? 엄마가 채워 줄 수 있는 부분을 못 해주니까 아이가 가끔 외로워 보여. 나도 그렇고. 아이와 본인 모두 외로움을 느끼는군요. 아이의 외로움을 달래 줄 방법이 있을까요? 외로움을 달래 주기 위해서 지금 머리를 쓰고 있어. 아이의 외로움을 달랠 방법을 찾고 계시군요.,"오늘도 아이가 엄마 없는 설움을 느끼는 것 같아. 내가 더 잘해주고 싶은데, 가끔 외로워 보이는 아이를 보면 마음이 아프네. 그래서 아이와 함께 놀아주려고 노력하고 있어. 어떻게 하면 아이의 외로움을 덜어줄 수 있을까 고민 중이야.",1. 아이가 혼자 놀고 있는 모습이 가끔 외로워 보인다. 2. 엄마가 아이와 함께 놀아주려고 애쓰고 있다. 3. 아이의 표정에서 외로움이 느껴진다.
train_478,"연애,결혼,출산",분노,성가신,요즘 아기 돌보는 것이 너무 힘들어. 아이 돌보는 것이 힘드시군요. 어떤 부분이 가장 힘드신가요? 밤에 잠을 잘 수 없어서 힘들어. 잠도 못 주무신다니 너무 힘드시겠어요. 아기를 돌보는 것은 참 힘든 일이네요. 응. 아기는 귀엽지만 돌보는 게 생각만큼 쉽지가 않네. 아기는 귀엽지만 돌보는게 많이 힘드시군요.,"요즘 아기 돌보는 게 정말 힘들어. 밤에 잠도 잘 못 자고, 아기가 귀여운 건 맞지만 돌보는 게 생각보다 쉽지 않네. 아기 얼굴을 보면서 힘든 것도 잊고, 그래도 사랑스럽다는 생각이 드는 하루였어.","1. 아기가 잠들지 않고 울고 있는 모습이 보인다.  
2. 엄마가 아기를 안고 조심스럽게 달래고 있다.  
3. 방 안은 어두운 조명 아래 아기의 얼굴이 부드럽게 비춰진다."
train_479,"대인관계(부부, 자녀)",당황,부끄러운,우리 아들이 나보고 양복 입고 다니면 안 되느냐고 투덜거려. 아빠에게 양복 입고 다니라고 아들이 투덜거렸군요. 학부모 모임에 내가 일하다 와서 시간이 촉박해 작업복 입은 채 갔었거든. 그게 창피했나 봐. 다른 부모들은 차려입고 왔는데 아빠만 그랬으니 창피하게 느꼈단 거군요. 아이를 달래려 퇴근 길에 맛있는 거 잔뜩 사 들고 가는데 마음이 풀려야 할 텐데. 자제분의 마음을 달래려 맛있는 음식을 사 갈 계획이시군요.,"오늘 아들이 나한테 양복 입고 다니면 안 되냐고 투덜거렸어. 아빠가 작업복 입고 학부모 모임에 갔더니 창피했나 봐. 다른 부모들은 다 차려입고 왔는데, 아빠만 그랬으니 아들이 속상했겠지. 그래서 퇴근길에 맛있는 거 잔뜩 사 들고 가기로 했어. 아들이 좋아할 생각하니 마음이 풀리네.","1. 아들이 아빠에게 양복을 입고 다니라고 투덜거리고 있다.  
2. 아빠는 작업복을 입고 학부모 모임에 갔던 기억을 떠올리고 있다.  
3. 퇴근길에 맛있는 음식을 사서 아들에게 줄 계획을 세우고 있다."
train_481,"대인관계(부부, 자녀)",슬픔,비통한,아이가 집을 나가 버렸어. 아이가 집을 나갔군요. 얼마나 놀라셨을까요. 말 없이 나가서 연락도 없고 얼마나 울었는지 몰라. 자녀분이 말 없이 나갔는데 연락도 없어서 많이 속상하셨군요.,"오늘 아이가 집을 나가버렸어. 얼마나 놀랐는지 몰라. 말 없이 나가서 연락도 없고, 그동안 얼마나 울었는지... 아이가 돌아올 때까지 마음이 조마조마했어. 다시는 이런 일이 없었으면 좋겠어.",1. 아이가 집을 나가서 엄마는 걱정으로 가득 차 있다. 2. 엄마의 눈가에 맺힌 눈물이 방 안을 적신다. 3. 조용한 집 안에 아이의 부재가 느껴진다.
train_483,"대인관계(부부, 자녀)",상처,상처,아이가 엄마와 말이 안 통한다면서 대화를 하지 않으려 해. 아이가 엄마랑 말이 안 통해서 대화를 안 하려고 하는군요. 많이 속상하시겠어요. 등을 돌리고 갈 때는 얼마나 속상한지 몰라. 아이가 등을 돌리고 나갈 때 더 속상하셨군요.,오늘 아이가 엄마랑 말이 안 통한다고 하면서 대화를 피하더라. 등을 돌리고 가는 모습을 보니 마음이 아팠어. 아이가 속상한 걸 보니 나도 같이 속상해지더라. 그래도 조금씩 대화가 잘 되길 바래.,1. 아이가 엄마에게 등을 돌리고 가는 모습이 보인다. 2. 아이의 표정이 슬퍼 보인다. 3. 엄마의 마음이 아픈 모습이 느껴진다.
train_488,"대인관계(부부, 자녀)",당황,죄책감의,우리 아들이 건강하지 못한 건 다 내 탓이야. 아드님이 건강하지 않다니 걱정이 많으시겠어요. 어디가 안 좋으신가요? 어릴 때부터 비만이었는데 내가 관리를 못 해줬어. 어머님이 관리를 못 해줘서 비만이 계속됐다고 생각해 죄책감이 크신가 봐요.,"오늘 아들이 건강하지 않다는 소식을 듣고 마음이 무거워. 어릴 때부터 비만이었는데, 내가 제대로 관리해주지 못한 게 너무 미안해. 아들이 건강하게 자라길 바라는 마음이 큰데, 내가 도와주지 못한 것 같아. 아들이 웃는 모습을 보면 힘이 나는데, 그 웃음이 계속 이어지길 바래.",1. 아들이 소파에 앉아 무언가를 생각하며 조용히 있다. 2. 작은 손으로 장난감을 만지작거리며 집중하는 모습이 귀엽다. 3. 방 안의 따뜻한 조명이 아들의 얼굴을 부드럽게 감싸고 있다.
train_489,"대인관계(부부, 자녀)",분노,성가신,아이가 컴퓨터를 바꿔 달라고 얼마나 조르는지 몰라. 아이가 요즘 떼쓰고 있나 봐요. 안된다고 해도 막무가내로 졸라. 아이를 설득하는 방법이 있을까요?  내가 차근차근히 안되는 이유를 알려줘야지. 아이에게 안되는 이유를 차근히 알아듣게 말하기로 했군요.,"요즘 아이가 컴퓨터를 바꿔 달라고 조르네. 안된다고 해도 막무가내로 졸라대고, 떼쓰는 모습이 귀엽기도 하고 힘들기도 해. 그래서 차근차근 안되는 이유를 설명해주기로 했어. 아이가 이해할 수 있도록 잘 말해줘야겠다.","1. 아이가 컴퓨터를 바꿔 달라고 조르며 떼쓰고 있다.  
2. 엄마는 아이에게 안되는 이유를 차근차근 설명해주기로 결심했다.  
3. 아이의 표정은 간절함과 애교가 가득하다."
train_491,"대인관계(부부, 자녀)",분노,분노,아이가 내 말을 듣다가 뛰쳐나가 버렸어. 아이가 말을 끝까지 듣지도 않고 나갔군요. 화가 얼마나 나던지 말이 안 나오고 손이 떨리더라고. 화가 많이 나서 손이 떨리셨군요.,오늘 아이가 내 말을 듣다가 갑자기 뛰쳐나가 버렸어. 그 모습을 보니 화가 나서 손이 떨리더라. 아이가 말을 끝까지 듣지 않고 나가서 정말 속상했어. 그래도 아이가 다시 돌아오길 기다리며 마음을 가라앉혔어.,"1. 아이가 방 안에서 내 말을 듣다가 갑자기 뛰쳐나간다.  
2. 엄마의 손이 떨리며 화가 나 있는 모습이 보인다.  
3. 아이가 다시 돌아오기를 기다리는 엄마의 모습이 느껴진다."
train_492,"연애,결혼,출산",기쁨,만족스러운,이번에 아들을 낳았어! 내 평생 꿈이 이뤄졌어. 아들이 태어나서 기분이 엄청 좋군요. 아들을 낳아서 축구선수로 키우고 싶었거든. 아들을 낳기 위해 엄청나게 노력했다고. 혹시 어떤 노력을 했나요? 열심히 운동도 하고 항상 기도했어. 열심히 운동도 하고 기도한 결과 아들을 낳게 되었군요. 그 노력이 좋은 결과로 이어져서 참 기쁘시겠어요.,드디어 아들을 낳았어! 내 평생의 꿈이 이뤄졌네. 아들이 태어나서 기분이 정말 좋다. 축구선수로 키우고 싶어서 열심히 운동도 하고 기도했거든. 그 노력의 결과가 이렇게 나타나서 너무 기쁘다.,1. 아기가 따뜻한 담요에 싸여 조용히 누워 있다. 2. 아기의 작은 손가락이 꿈꾸는 듯 살짝 움직인다. 3. 방 안은 아기의 고요한 숨소리로 가득 차 있다.
train_497,"대인관계(부부, 자녀)",기쁨,신뢰하는,우리 딸은 시키지 않아도 공부를 열심히 해. 딸만 보면 너무 기특해. 시키지 않아도 열심히 하는 딸이 자랑스러우시겠어요. 나의 일등 자랑거리라고도 할 수 있지. 자랑스러운 딸에게 해줄 수 있는 무언가가 있을까요? 칭찬은 물론이고 옆에서 격려하는 말도 해 줘야겠어. 격려의 말을 해주려 하시는군요. 다른 방법은 또 생각한 게 있으신가요?,"우리 딸은 오늘도 공부를 열심히 했어. 시키지 않아도 스스로 책을 펼치고 집중하는 모습이 너무 기특하더라. 그런 딸을 보니 자랑스럽고, 옆에서 격려의 말을 해주고 싶어졌어. 오늘은 칭찬도 많이 해주고, 더 열심히 할 수 있도록 응원해줘야겠다.","1. 딸이 책상에 앉아 집중해서 책을 읽고 있다.  
2. 작은 손으로 책장을 넘기며 눈빛이 반짝인다.  
3. 엄마가 딸을 바라보며 미소 짓고 있다."
train_499,"대인관계(부부, 자녀)",당황,열등감,딸이 왜 이렇게 못생기게 낳았냐고 화를 냈어. 따님께서 그런 이유로 화를 내셔서 정말 속상하셨겠어요. 나한텐 세상에 하나밖에 없는 소중한 딸인데 그 말 듣고 너무 속상했어. 어떻게 해야 따님이 자신을 사랑할 수 있게 될까요? 내가 계속 사랑한다고 세상에 하나뿐인 소중한 딸이라고 해줄래. 딸에게 그런 칭찬을 해 주면 어떤 장점이 있을까요?,"오늘 딸이 왜 이렇게 못생겼냐고 화를 내서 정말 속상했어. 나한텐 세상에 하나밖에 없는 소중한 딸인데, 그런 말을 듣고 마음이 아팠어. 그래서 더 많이 사랑해주고 싶어. 딸이 자신을 사랑할 수 있도록 계속 칭찬해줘야겠어.","1. 딸이 화가 나서 얼굴을 찡그리고 있다.  
2. 엄마는 딸을 안아주며 위로하고 있다.  
3. 방 안은 따뜻한 조명 아래에서 두 사람의 감정이 교감하고 있다."
train_505,"대인관계(부부, 자녀)",당황,당황,오늘 아들이 갑자기 장난을 치다 내 뺨을 때려서 정말 황당했어. 아들이 뺨을 때리다니 정말 놀랐겠어요. 아들이 가끔 장난을 치다 선을 넘곤 해. 아들이 장난을 심하게 칠 때는 어떻게 해야 할까요? 아들에게 충분히 주의를 주고 잘못을 지적해야겠어. 아들에게 주의를 주고 잘못을 지적했을 때 그려지는 최선의 모습은 어떤 것인가요?,"오늘 아들이 장난을 치다가 내 뺨을 때렸어. 정말 황당했지. 아들이 장난을 심하게 치는 걸 보면 가끔은 어떻게 해야 할지 고민이 돼. 아들에게 주의를 주고 잘못을 지적했을 때, 아들이 반성하는 모습이 떠오르네. 그런 모습이 정말 귀엽고 사랑스럽더라.","1. 아들이 장난을 치며 웃고 있다.  
2. 엄마의 뺨을 가볍게 때린 아들의 표정이 장난스럽다.  
3. 방 안은 아들의 웃음소리로 가득 차 있다."
train_511,가족관계,불안,조심스러운,얼마 전에 내가 동생 물건을 함부로 사용해서 동생이 화가 났어. 동생을 보기가 조심스러워. 그런 사건이 있었군요. 응. 동생 마음을 달래주고 싶은데 어떻게 해야 좋을지 모르겠어. 아우 분이 분이 풀리려면 어떻게 하는 것이 좋을까요? 내 생각엔 아우가 좋아하는 교촌치킨을 선물해주면 좋을 것 같아. 굳 아이디어네요.,"얼마 전에 동생 물건을 함부로 사용해서 동생이 화가 났어. 그래서 동생을 보기가 조심스러웠지. 동생 마음을 달래주고 싶어서 교촌치킨을 선물해주면 좋겠다고 생각했어. 동생이 좋아하는 걸 알기 때문에, 그걸로 기분이 풀리면 좋겠어.",1. 동생이 화가 나서 불만 가득한 표정을 짓고 있다. 2. 엄마가 동생을 달래주기 위해 고민하는 모습이 보인다. 3. 교촌치킨 상자가 테이블 위에 놓여 있다.
train_530,"대인관계(부부, 자녀)",상처,"가난한, 불우한",집이 매우 가난한데 딸이 계속 비싼 장난감을 사달래서 걱정이야. 정말 걱정이 되시겠네요. 맞아. 딸에게는 미안하지만 사줄 수가 없는 상태야. 따님에게도 알기 쉽게 말해주시는 건 어떤가요? 한 번 도전해 봐야겠네. 딸과의 사이가 좋아질 수 있으셨으면 좋겠어요.,"요즘 딸이 비싼 장난감을 사달라고 조르네. 가난한 집안이라 사주기 힘든데, 딸에게 미안한 마음이 들어. 어떻게 설명해야 할지 고민이야. 그래도 딸과의 사이가 좋아지길 바라면서 한 번 도전해 보려고 해.",1. 딸이 장난감을 바라며 애타게 기다리고 있다. 2. 엄마는 딸에게 미안한 마음을 품고 있다. 3. 두 사람 사이에 따뜻한 대화가 오가고 있다.
train_539,"대인관계(부부, 자녀)",당황,고립된,아들과 싸우면서 아들을 때렸는데 죄책감이 들고 벌 받는 기분이야. 자녀분을 때려서 죄책감이 들고 벌 받는 기분이 드시는군요. 거기서 때리면 안 되는 거였는데 아들을 때려서 죄책감이 너무 커. 죄책감 해소를 위해 어떻게 하면 좋을까요? 아들에게 때린 것에 대해 사과해야겠어. 자녀분에게 사용자님의 미안한 마음이 잘 전해지길 바라요.,"오늘 아들과 싸우고 나서 너무 미안한 마음이 들어. 아들을 때린 게 너무 후회돼서, 어떻게 사과해야 할지 고민했어. 아들이 내 마음을 이해해줬으면 좋겠어. 다음에는 더 잘할 수 있을 거라 믿어.",1. 아들이 울면서 나를 바라보고 있다. 2. 방 안은 조용하고 긴장감이 감돈다. 3. 아들의 작은 손이 내 손을 잡으려 한다.
train_580,"대인관계(부부, 자녀)",상처,억울한,난 엄마인데 아이가 실수한 걸 너무 심하게 말한 것 같아. 내가 왜 그랬을까. 아이에게 심하게 말한 것 같아 후회되시는군요. 아이가 날 싫어하게 되면 어떡하지. 예전에 이런 일이 있으셨을 때 어떻게 행동하셨나요? 일단 아이가 상처 안 받게 사과했어. 그리고 따뜻하게 안아줄 거야. 그때처럼 상황이 잘 풀리기를 바라요.,오늘 아이한테 너무 심하게 말한 것 같아. 그 모습이 떠올라서 마음이 아프네. 그래서 아이한테 사과하고 따뜻하게 안아줬어. 아이가 상처받지 않았으면 좋겠어. 이렇게 서로의 마음을 이해하는 게 중요하다는 걸 다시 느꼈어.,1. 아이가 엄마의 품에 안겨 따뜻한 포옹을 받고 있다. 2. 엄마의 눈빛이 걱정과 사랑으로 가득 차 있다. 3. 방 안은 조용하고 따뜻한 분위기로 가득하다.
train_582,"대인관계(부부, 자녀)",슬픔,후회되는,아이들이 점점 커가는데 너무 신경을 못 써준 거 같아서 미안해. 아이들에게 미안해서 마음이 안 좋으시겠어요. 내가 더 신경 썼어야 했는데. 잘 못 해준 거 같아 슬프고 안타까워. 이런 감정이 들 때 예전에는 어떻게 극복했나요? 아이들에게 맛있는 저녁을 해줬어. 오늘 맛있는 걸 해줘야겠어. 아이들과 시간을 보내며 기분이 나아졌으면 좋겠어요.,"아이들이 점점 커가는데, 내가 신경을 못 써준 것 같아 미안해. 오늘은 맛있는 저녁을 해주기로 했어. 아이들과 함께 시간을 보내면서 기분이 나아졌으면 좋겠어. 아이들이 웃는 모습을 보니 마음이 편해지더라.",1. 아이들이 저녁을 기다리며 신나게 뛰어다닌다. 2. 부엌에서 맛있는 냄새가 퍼져 방 안을 가득 채운다. 3. 아이들의 웃음소리가 집안을 따뜻하게 감싼다.
train_600,"대인관계(부부, 자녀)",슬픔,환멸을 느끼는,작은딸이 자꾸 몸이 아파서 가엾어. 딸이 몸이 안 좋으셔서 마음이 안 좋으시군요. 아픈 딸을 보면 불쌍하고 슬퍼. 아픈 딸을 위해서 무엇을 할 수 있을까요? 치료에 힘쓰고 같이 있는 시간을 늘려야지. 내가 아빠로서 최선을 다할 거야. 아버지의 노력으로 딸이 꼭 낫기를 바랄게요.,"작은딸이 아프다고 하니 마음이 너무 아프네. 아픈 모습 보니까 정말 가엾고 슬퍼. 그래서 더 많이 안아주고, 곁에 있어주려고 노력했어. 아빠로서 최선을 다하고 싶어. 딸이 빨리 나았으면 좋겠다.","1. 아픈 딸이 이불 속에서 조용히 누워 있다.  
2. 작은 얼굴에 걱정이 가득한 모습이 마음을 아프게 한다.  
3. 따뜻한 방 안에서 아빠가 곁에 있어주며 딸을 지켜보고 있다."
train_613,"대인관계(부부, 자녀)",당황,고립된,애들이 핸드폰만 봐서 핸드폰 끊는다고 했더니 애들이 날 무시한다. 벌을 받는 것 같아. 아이들을 혼냈다고 애들이 본 척도 안 한다니 많이 속상하시겠어요. 평소에 애들 아무것도 안 건드렸는데 그런 말을 한 게 잘못일까? 내가 뭘 잘못한 걸까. 혼자서 생각해도 답이 안 나오니 답답하시겠어요. 뭔가 답을 얻을 수 있는 방법 없을까요? 애 엄마랑 얘기해봐도 답이 안 나오던데 어떻게 해야 할지 모르겠다. 문제를 해결할 답을 얻으시길 바라요.,오늘 애들이 핸드폰만 보고 있어서 좀 속상했어. 그래서 핸드폰을 끊겠다고 했더니 애들이 나를 무시하더라. 혼내도 애들이 본 척도 안 하니까 마음이 아팠어. 내가 뭘 잘못했는지 고민해봤지만 답이 안 나오네. 애 엄마랑 얘기해도 해결이 안 되니까 답답해.,"1. 아이들이 핸드폰을 바라보며 무관심한 표정을 짓고 있다.  
2. 엄마는 애들을 혼내며 속상한 마음을 감추지 못하고 있다.  
3. 방 안은 조용하고, 아이들의 시선은 핸드폰 화면에 고정되어 있다."
train_617,"대인관계(부부, 자녀)",분노,툴툴대는,아들이 엄마한테 말대꾸하고 큰소리치는 걸 보니 내가 애를 잘 못 키운 것 같아. 아들이 소리를 쳐서 마음이 많이 속상하셨겠어요. 어제 새벽까지 게임하기에 등짝을 때렸더니 왜 때리냐고 화를 내더라고. 괜히 참견했나 봐. 예전에 이런 일이 있을 때 어떻게 하셨나요? 아들하고 이야기를 해서 게임을 하는 시간을 정해놓고 하자고 해볼까 봐. 아들과 대화로 잘 해결되었으면 좋겠어요.,"오늘 아들이 엄마한테 말대꾸하고 큰소리치는 걸 보니 마음이 많이 아팠어. 어제 새벽까지 게임하느라 잠도 제대로 못 자고, 그래서 등짝을 한 대 때렸더니 왜 때리냐고 화를 내더라. 괜히 참견했나 싶기도 하고, 아들과 대화로 잘 해결되었으면 좋겠어. 게임 시간을 정해놓고 이야기해보려고 해.","1. 아들이 큰소리치며 엄마에게 말대꾸하고 있다.  
2. 방 안은 어지럽고, 아들은 게임을 하느라 피곤해 보인다.  
3. 엄마는 아들을 바라보며 고민에 빠져 있다."
train_626,"대인관계(부부, 자녀)",당황,한심한,어린 딸을 키우는데 잘 키울 수 있을지 걱정돼. 딸을 잘 키울 수 있을지 걱정되시는군요. 버릇없거나 자립심이 없이 자라면 어떡하지? 책임을 느껴서 부담스러워. 어떻게 잘 키울 수 있을까요? 아이에게 예절 교육을 잘 시키고 싶어. 그러기 위해 예절 교육 공부를 해야겠어. 원하시는 대로 이루시길 바랄게요.,오늘 딸이랑 예절 교육에 대해 이야기했어. 아이가 잘 자라길 바라는 마음이 커서 걱정도 많이 되네. 예절을 잘 가르쳐야겠다고 다짐했어. 딸이 예쁘게 웃으면서 고개를 끄덕이는 모습이 너무 사랑스러웠어.,1. 딸이 예절 교육에 대해 관심을 보이며 고개를 끄덕이고 있다. 2. 엄마의 걱정스러운 표정이 아이에게 전해진다. 3. 따뜻한 분위기 속에서 서로의 마음을 나누고 있다.
val_6,"대인관계(부부, 자녀)",당황,열등감,딸이 자기를 왜 이렇게 못생기게 낳았냐고 화를 냈어. 따님께서 그런 이유로 화를 내셔서 정말 속상하셨겠어요. 나한텐 세상에 하나밖에 없는 소중한 딸인데 그 말 듣고 너무 속상했어. 어떻게 해야 따님이 자신을 사랑할 수 있게 될까요? 내가 계속 사랑한다고 세상에 하나뿐인 소중한 딸이라고 해줄래. 사랑한다는 표현으로 따님에게 도움이되길 원하는군요.,"오늘 딸이 나한테 왜 이렇게 못생기게 낳았냐고 화를 내더라. 그 말 듣고 정말 속상했어. 내 눈에는 세상에서 제일 예쁜 딸인데, 그런 말을 하니까 마음이 아프더라. 그래서 더 많이 사랑해주고 싶어. 어떻게 하면 딸이 자신을 사랑할 수 있을까 고민했어.","1. 딸이 화난 표정으로 나를 바라보고 있다.  
2. 방 안은 따뜻한 조명 아래에서 조용한 분위기가 감돈다.  
3. 엄마가 딸을 안아주며 사랑한다고 속삭이고 있다."
val_12,"대인관계(부부, 자녀)",당황,당황,아들이 장난을 치다가 갑자기 내 뺨을 때려서 정말 황당했어. 아들이 뺨을 때리다니 정말 놀랐겠어요. 아들이 가끔 너무 장난을 치다 선을 넘곤 해. 아들이 장난을 심하게 칠 때는 어떻게 해야 할까요? 아들에게 충분히 주의를 주고 잘못을 지적해야겠어. 충분한 대화를 통해 아들이 잘못을 고칠 수 있길 바라요.,오늘 아들이 장난을 치다가 갑자기 내 뺨을 때렸어. 정말 황당했지. 아들이 장난을 심하게 치는 걸 보면 가끔은 선을 넘는 것 같아. 그래서 아들에게 주의를 주고 잘못을 지적해야겠다고 생각했어. 충분한 대화를 통해 아들이 잘못을 고칠 수 있길 바라.,"1. 아들이 장난을 치며 웃고 있다.  
2. 갑자기 아들이 내 뺨을 때려서 놀란 표정을 짓고 있다.  
3. 방 안은 장난감으로 어지럽혀져 있고, 아들은 신나게 뛰어다닌다."
val_14,"대인관계(부부, 자녀)",기쁨,신뢰하는,아들이 날 많이 닮아서 고지식한데 바르게 살려 노력해서 기뻐. 아들이 바르게 살려 노력해서 기쁘시겠어요. 아들이 자랑스러워. 아들도 내 마음을 알았으면 좋겠어. 어떻게 하면 아들이 이 마음을 알 수 있을까요? 아들에게 자랑스럽다고 칭찬을 해줘야겠어. 아들이 그 마음을 잘 알아주셨으면 좋겠어요.,"오늘 아들이 날 많이 닮아서 그런지 고지식한 모습이 귀여워. 바르게 살려고 노력하는 모습이 자랑스럽고, 그런 아들이 내 마음을 알았으면 좋겠어. 아들에게 칭찬을 해줘야겠다는 생각이 드네. 아들이 내 마음을 잘 알아주면 좋겠어.",1. 아들이 바르게 살려고 노력하는 모습이 눈에 띈다. 2. 아들의 고지식한 모습이 사랑스럽게 느껴진다. 3. 엄마의 마음속에 아들에 대한 자랑스러움이 가득하다.
val_15,"대인관계(부부, 자녀)",기쁨,신뢰하는,아들은 할아버지를 닮아서 노래에 소질이 있어 가수라는 꿈을 이룰 거 같아. 아들이 꿈을 이룰 거라고 신뢰하시는군요. 아들에게 내가 신뢰하고 있단 걸 알려주고 싶어. 어떻게 하면 아들에게 잘 알릴 수 있을까요? 부끄럽지만 넌 꼭 가수가 될 것 같다고 말해줘야겠어. 아들이 그 믿음을 알아줬으면 좋겠어요.,"아들이 할아버지를 닮아서 노래에 소질이 있다는 걸 느꼈어. 그래서 가수라는 꿈을 이룰 거라고 믿고 있어. 아들에게 내가 이렇게 믿고 있다는 걸 꼭 전해주고 싶어. 부끄럽지만, '넌 꼭 가수가 될 것 같아'라고 말해줘야겠어. 아들이 그 믿음을 알아줬으면 좋겠어.","1. 아들이 할아버지를 닮아 노래를 부르고 있다.  
2. 아들의 얼굴에 자신감이 가득 차 있다.  
3. 방 안에 아들의 목소리가 맑게 울려 퍼진다."
val_16,"대인관계(부부, 자녀)",기쁨,신뢰하는,아들은 공부는 못하지만 좋아하는 것을 할 땐 집중력이 좋아서 무엇을 하든 성공할 것 같아. 아들을 신뢰하시는군요. 아들에게 공부는 못하지만 좋아하는 데에 집중력이 좋은 너를 믿는다는 말을 하고 싶어. 어떻게 하면 아들이 그 마음을 알 수 있을까요? 아들이 관심 있는 것에 대한 선물을 주면서 얘기해야겠어. 선물로 아들이 그 마음을 잘 알았으면 좋겠네요.,"아들이 공부는 잘 못하지만, 좋아하는 걸 할 땐 정말 집중력이 대단해. 그런 아들을 보면서 믿음이 생기더라. 그래서 아들에게 '너는 좋아하는 것에 집중할 수 있는 능력이 있어'라고 말해주고 싶어. 아들이 좋아하는 것에 선물을 주면서 그 마음을 전해야겠어. 아들이 그 마음을 잘 알았으면 좋겠어.","1. 아들이 좋아하는 장난감을 가지고 신나게 놀고 있다.  
2. 집중한 표정으로 장난감에 몰두하는 모습이 귀엽다.  
3. 아들의 눈빛이 반짝이며 즐거운 시간을 보내고 있다."
val_26,"대인관계(부부, 자녀)",상처,충격 받은,요새 아이들 성장이 빠르다고 하지만 유치원생인 아들이 벌써 변성기가 와서 놀랐어. 유치원생인 아드님에게 변성기가 와서 많이 놀랐겠어요. 아직 어린 아이인데 충격이야. 어떻게 그럴 수가 있는지. 이 상황을 어떻게 대처해야 좋을까요? 우선 병원에 우선 가봐야겠어. 진찰을 잘 받아서 걱정이 줄었으면 좋겠어요.,"요즘 아들이 변성기가 와서 많이 놀랐어. 아직 유치원생인데, 어떻게 이렇게 빨리 자라는지 신기하네. 병원에 가서 진찰도 받아야겠어. 아들이 걱정 없이 자랄 수 있도록 잘 챙겨줘야지.",1. 아들이 유치원 가방을 메고 신나게 뛰어다닌다. 2. 작은 얼굴에 놀란 표정이 가득하다. 3. 병원 가는 길에 손을 꼭 잡고 걱정을 나눈다.
val_27,"대인관계(부부, 자녀)",상처,충격 받은,간밤에 우는 소리가 나길래 가서 보니까 딸이 일기를 쓰면서 울고 있더러고. 그런 모습에 충격을 받았어. 딸의 모습에 깜짝 놀라 셨겠어요. 무슨 일이 생겨서 그런 건지 차마 물을 수가 없더라고. 무슨일인지 물어볼 수 없었군요. 이 상황을 어떻게 대처해야 좋을까요? 내일 아이 몰래 얘 담임한테 연락을 해봐야 될 것 같아. 담임 선생님과의 연락해 보려고 하시네요.,"어젯밤에 딸이 일기를 쓰면서 울고 있더라. 그 모습에 정말 깜짝 놀랐어. 무슨 일이 있었는지 물어보지 못했지만, 마음이 아팠어. 내일 담임 선생님께 연락해봐야겠다.","1. 딸이 일기장에 뭔가를 쓰며 눈물을 흘리고 있다.  
2. 방 안은 조용하고, 딸의 작은 목소리가 들린다.  
3. 일기장 위에 놓인 연필이 딸의 감정을 담고 있는 듯하다."
val_28,"대인관계(부부, 자녀)",상처,버려진,아들과 얘기를 나누려면 게임해야 한다면서 자기 방으로 들어가 버려서 답답하고 상처야. 아이가 대화를 차단해 슬프시겠어요. 게임만 하다가 눈도 나빠지고 부정적인 영향을 많이 받게 될까 봐 걱정이 돼. 아이가 나쁜 영향을 받을까 봐 걱정되시는군요. 이 문제에 관해 아이와 어떻게 상의해야 좋을까요? 시간을 정해놓고 게임을 하도록 해야겠어. 시간을 정하고 게임을 하는 규칙이 도움이 되시길 바라요.,"오늘 아들이 게임하겠다고 자기 방으로 들어가버렸어. 대화가 안 돼서 좀 답답하고 슬프더라. 게임만 하다가 눈 나빠질까 봐 걱정이 돼서, 시간을 정해놓고 게임하자고 했어. 규칙을 정하면 도움이 될 것 같아.",1. 아들이 방 안에서 게임을 하고 있다. 2. 엄마는 아들이 게임에 빠져 대화가 없어진 것에 대해 걱정하고 있다. 3. 방 안은 게임 소리로 가득 차 있다.
val_30,"대인관계(부부, 자녀)",불안,스트레스 받는,아들이 아침을 차려줘도 먹지 않아. 그래서 좀 속이 상해. 아침을 먹지 않는 아들이 속상하시군요. 아침에 무언가를 먹고 가는 것이 집중도 더 잘 되고 건강에도 좋을 텐데 왜 안 먹는지 모르겠어. 아침을 먹을 때 장점이 많은데도 먹지 않는 아들이 이해가 안 되시는군요. 어떻게 아들과 대화해야 좋을까요? 일단 왜 아침을 거르려고 하는지 물어봐야 할 것 같아. 아들도 나름 사정이 있을 테니까. 아들이 아침을 거르는 사정을 물어보려 하시는군요.,"아침에 아들이 밥을 안 먹으려고 하네. 속이 상하지만, 아들도 이유가 있을 거야. 그래서 왜 아침을 거르려고 하는지 물어보려고 해. 아들이 무슨 생각을 하고 있는지 궁금해지네.",1. 아들이 아침 식탁 앞에 앉아 밥을 바라보고 있다. 2. 엄마는 아들의 표정을 살피며 대화를 준비하고 있다. 3. 식탁 위에는 아침 식사가 정갈하게 차려져 있다.
val_31,"대인관계(부부, 자녀)",불안,스트레스 받는,아들이 자꾸 밤에 야식을 먹는 게 걱정이 돼. 아들의 야식 먹는 습관 때문에 스트레스를 받고 계시는군요. 야식을 먹는 게 건강에도 좋지 않으니 그만하라고 해도 계속 먹으려고 하네. 야식이 건강에 좋지 않아서 걱정하시는군요. 이 문제에 관해 아들과 어떻게 대화해야 좋을까요? 잘 모르겠어. 무작정 혼낼 수도 없고 고민이네. 혼낼 수도 없어서 고민이시군요.,"요즘 아들이 밤에 야식을 자꾸 찾는 게 걱정이야. 건강에 좋지 않다고 해도 계속 먹으려고 하네. 혼내기도 애매하고, 어떻게 대화해야 할지 고민이야. 아들이 야식을 먹으면서 행복해하는 모습이 떠오르는데, 그걸 막는 게 맞는 건지 잘 모르겠어.","1. 아들이 부엌에서 야식을 찾으며 눈을 반짝이고 있다.  
2. 작은 손으로 과자를 집어 들고 기쁜 표정을 짓고 있다.  
3. 부엌 불빛이 아들의 얼굴을 따뜻하게 비추고 있다."
val_32,"대인관계(부부, 자녀)",불안,스트레스 받는,딸이 자꾸 방 정리를 하지 않아. 그래서 정말 짜증이 나. 딸이 방 정리를 하지 않아서 짜증이 나시는군요. 음식을 먹고 치우려고 하지도 않고. 벌레도 벌레지만 건강에도 좋지 않으니까. 지금의 기분을 해결하기 위해 무언가 할 수 있는 방법이 있나요? 모르겠어. 일단 딸에게 다시 차분히 말해봐야 할 것 같아. 딸과의 대화가 원하는 방향으로 끝맺시길 바랄게요.,딸이 방 정리를 안 해서 정말 짜증났어. 방이 엉망이라 벌레도 생길까 걱정이야. 그래서 다시 차분히 딸에게 말해보려고 해. 딸이 내 말을 잘 듣고 방을 정리해줬으면 좋겠어.,"1. 방 안이 어지럽혀져 있어 정리할 필요가 느껴진다.  
2. 딸이 방 한쪽에 앉아 장난감을 흩어놓고 있다.  
3. 엄마가 딸에게 차분하게 이야기하는 모습이 보인다."
val_35,"연애,결혼,출산",기쁨,신이 난,가족 여행에서 신나하는 아이의 모습을 보고 나도 덩달아 들떴어. 아이가 가족여행에서 신나하는 걸 보고 들뜨셨군요. 집이 아닌 밖에서의 여행은 처음이라 우리 가족 모두가 행복했어. 지금의 기분을 유지하기 위해 무언가 할 수 있는 것이 있을까요? 가족들과 함께 있는 시간을 앞으로도 자주 가져야겠다고 생각해. 아이와 함께 즐거운 가족 여행을 자주 가려 하시는군요.,가족 여행에서 아이가 신나서 뛰어다니는 모습을 보니 나도 덩달아 기분이 좋아졌어. 밖에서의 여행은 처음이라 우리 가족 모두가 행복했지. 아이가 즐거워하는 모습이 너무 귀여워서 계속 보고 싶어. 앞으로도 이런 시간을 자주 가져야겠다고 생각했어.,"1. 아이가 가족 여행지에서 신나게 뛰어다니고 있다.  
2. 가족 모두가 함께 웃고 즐거워하는 모습이 따뜻하다.  
3. 아이의 얼굴에 행복한 미소가 가득하다."
val_36,"대인관계(부부, 자녀)",기쁨,자신하는,아이들이 공부를 잘하는 것은 나를 닮아서 그런 것 같다고 자신해. 아이들이 좋은 머리를 닮아서 정말 행복했겠군요. 어떻게 하면 아이들의 재능을 더 키워줄 수 있을까? 어떤 것을 아이들이 가장 잘하나요? 아이들이 과학을 잘해서 실험을 시켜주려고 해. 과학을 좋아하니 실험을 시켜주려 하시는군요.,아이들이 공부를 잘하는 건 나를 닮아서 그런 것 같아. 과학을 좋아하는 아이들을 보니 정말 뿌듯하더라. 실험을 시켜주려고 준비하면서 아이들이 어떤 걸 잘할지 기대가 돼. 아이들이 좋은 머리를 닮아서 행복한 하루였어.,1. 아이들이 과학 실험을 준비하며 신나게 이야기하고 있다. 2. 아이들의 얼굴에 호기심이 가득 차 있다. 3. 실험 도구들이 테이블 위에 가지런히 놓여 있다.
val_37,"연애,결혼,출산",불안,취약한,이젠 육아 비용 때문에 맞벌이하지 않으면 더 힘들어질 것 같아. 육아 비용 걱정 때문에 많이 불안하시겠어요. 육아비용도 문제이지만 무엇보다도 아직 아기가 육 개월인데 떼어놓자니 걱정이 많이 돼. 육개월 밖에 안되서 떼어놓기가 걱정되시는군요. 이 상황에서 할 수 있는 게 어떤 것이 있을까요? 아이 돌봄 서비스를 신청해야겠어. 집에서 안전하게 돌봐 줄 수 있는 서비스래. 아이 돌봄 서비스로 걱정이 덜어졌으면 좋겠어요.,요즘 육아 비용 때문에 맞벌이를 고민하고 있어. 아기가 겨우 육 개월인데 떼어놓는 게 너무 걱정되더라. 그래서 아이 돌봄 서비스를 신청하기로 했어. 집에서 안전하게 돌봐줄 수 있다니 마음이 좀 놓인다. 아기가 잘 지내길 바래.,1. 아기가 편안한 침대에 누워 조용히 잠들어 있다. 2. 방 안은 따뜻한 분위기로 가득 차 있다. 3. 아이 돌봄 서비스에 대한 기대감이 느껴진다.
val_38,"대인관계(부부, 자녀)",상처,충격 받은,간밤에 우는 소리가 나서 들여다 봤다가 딸이 일기를 쓰면서 우는 모습에 충격을 받았어. 딸의 모습에 깜짝 놀라 셨겠어요. 무슨 일이 생겨서 그런 건지 차마 물을 수가 없더라고. 무슨일인지 묻지 못할 분위기였군요. 이 상황을 어떻게 대처해야 좋을까요? 내일 아이 몰래 담임 선생님한테 연락을 해봐야 될 것 같아. 담임 선생님과의 연락으로 지금 기분이 잘 해소되기를 바라요.,"어젯밤에 딸이 일기를 쓰면서 울고 있는 모습을 보고 깜짝 놀랐어. 무슨 일이 있었는지 물어보지 못했지만, 마음이 아프더라. 내일 몰래 담임 선생님께 연락해봐야겠어. 딸의 기분이 조금이라도 나아지길 바래.","1. 딸이 일기를 쓰며 눈물을 흘리고 있다.  
2. 방 안은 조용하고, 딸의 모습이 안쓰럽게 느껴진다.  
3. 엄마는 걱정스러운 마음으로 딸을 바라보고 있다."
val_39,"대인관계(부부, 자녀)",불안,걱정스러운,아들이 요즘 아침을 차려 줘도 먹지를 않아서 걱정되네. 아들이 아침을 먹지 않아 걱정이시군요. 아침을 먹어야 건강에 좋다는데 아침을 안 먹어. 이유를 모르겠어. 이전에 이와 비슷한 상황이 있었을 때 어떻게 행동하셨나요? 아들에게 직접 물어 보곤 했지. 아들에게 왜 아침을 안 먹고 나가는지 한 번 물어 봐야겠어. 아드님과의 대화를 통해 걱정이 해결되었으면 좋겠어요.,"요즘 아들이 아침을 잘 안 먹어서 걱정이네. 아침을 차려 줘도 그냥 지나치고 나가버려. 왜 그런지 물어봐야겠다. 아들이 아침을 먹어야 건강한데, 이렇게 안 먹으면 안 되잖아. 다음엔 꼭 물어보고, 아침을 맛있게 먹을 수 있도록 도와줘야겠어.","1. 아들이 아침 식탁에 앉아 있지만, 음식에 손을 대지 않고 있다.  
2. 차려진 아침이 고요한 식탁 위에 놓여 있다.  
3. 아들의 표정이 고민스러워 보이며, 아침을 먹지 않으려는 모습이 느껴진다."
val_40,"대인관계(부부, 자녀)",불안,걱정스러운,딸이 요즘 너무 게을러진 것 같아 걱정돼서 운동 좀 하라고 잔소리를 했어. 따님의 건강이 걱정되셨군요. 응. 운동은 습관인데 너무 운동을 하지 않는 것 같아 걱정이 많이 됐거든. 지금 상황에서 할 수 있는 일에는 무엇이 있을까요? 딸과 같이 운동을 다니려고 해. 함께 하는 운동이 더 좋은 결과가 있길 바랄게요.,"요즘 딸이 운동을 안 하니까 걱정이 많이 됐어. 그래서 운동 좀 하라고 잔소리했지. 같이 운동하러 가기로 했는데, 함께 하는 게 더 좋을 것 같아. 딸이 건강하게 자라길 바래.",1. 딸과 함께 운동을 하러 나가는 모습이 보인다. 2. 운동복을 입고 신나게 뛰어다니는 딸의 모습이 눈에 띈다. 3. 운동하는 동안 서로 웃으며 대화하는 따뜻한 순간이 느껴진다.
val_43,"대인관계(부부, 자녀)",분노,좌절한,아들이 계속해서 사고를 치고 다녀서 너무 화가 나. 내가 아들을 잘못 키운 것 같아. 아드님을 잘못 키운 것 같은 생각이 들어서 많이 속상하셨겠어요. 아들이 어쩌다가 계속 걱정만 시키는지 모르겠어. 속상하네. 아드님 때문에 정말 힘드시겠어요. 어떻게 하면 지금의 상황을 변화시킬 수 있을까요? 진지하게 한번 대화가 필요한 것 같아. 아들이 어떤 생각을 가지고 있는지 잘 모르겠어. 아드님과의 대화를 통해 관계가 잘 해결되면 좋겠어요.,"요즘 아들이 사고를 많이 쳐서 정말 속상해. 내가 잘못 키운 건 아닌지 고민하게 돼. 아들이 어떤 생각을 하고 있는지 잘 모르겠지만, 대화를 통해서 서로의 마음을 이해할 수 있으면 좋겠어. 아들이 나를 걱정하게 만들지 않도록 잘 이끌어줘야겠다.",1. 아들이 장난감을 가지고 놀다가 사고를 쳐서 방이 어지럽혀져 있다. 2. 아들의 표정이 걱정스러워 보인다. 3. 엄마가 아들을 바라보며 진지한 대화를 나누고 있다.
val_44,"대인관계(부부, 자녀)",당황,죄책감의,딸이 내 말을 듣지 않아서 화가 나서 나도 모르게 딸을 한 대 때렸는데 너무 마음이 안 좋네. 딸에게 손을 댄 것에 대해서 미안함이 큰가 봐요? 맞아. 내가 그때 조금 더 참았어야 했는데 그걸 못했어. 이럴 때 때리는 방법 말고 다른 해결방안이 있나요? 일단 한숨을 고르고 잠깐 자리를 피했다가 다시 이야기를 하면 좋더라고. 다음에는 한숨 고르고 나서 대화를 하는 멋진 모습 기대해 볼게요.,"오늘 딸이 내 말을 듣지 않아서 화가 나서 순간적으로 손을 댔어. 그 순간 너무 마음이 아팠고, 미안한 마음이 가득하더라. 다음에는 한숨을 고르고 다시 이야기해보려고 해. 딸과의 대화가 더 잘 되길 바래.",1. 딸이 내 말을 듣지 않고 장난을 치고 있다. 2. 엄마의 얼굴에 걱정과 미안함이 가득하다. 3. 방 안은 조용하고 긴장감이 감돈다.
val_49,"대인관계(부부, 자녀)",슬픔,슬픔,아들이 자전거 타다가 넘어져서 다쳤어. 아들이 다쳐서 걱정스럽고 마음이 많이 슬프시겠어요. 응. 너무 슬프다. 병원에서 별일 없다고 해서 다행이긴 해. 아들이 빨리 회복되길 바랄게요.,"오늘 아들이 자전거 타다가 넘어져서 다쳤어. 그 모습을 보니 마음이 너무 아팠어. 병원에서 별일 없다고 하니 다행이긴 한데, 아들이 빨리 회복했으면 좋겠어. 아들이 다시 자전거를 탈 수 있을 날을 기다리고 있어.","1. 아들이 자전거를 타고 신나게 달리다가 넘어졌다.  
2. 아들의 얼굴에 슬픔이 가득했지만, 병원에서 안정을 찾았다.  
3. 자전거는 바닥에 쓰러져 있고, 아들은 조심스럽게 일어나는 모습이다."
val_50,"대인관계(부부, 자녀)",불안,회의적인,아들이 내가 이빨이 없다고 놀려. 그렇군요. 그래서 혼내셨나요? 아니 아들 교육을 잘 시켰어야 했는데. 그렇군요. 위로가 되지 못해서 죄송해요.,오늘 아들이 이빨이 없다고 놀려서 좀 속상했어. 그래도 아들이 웃으면서 장난치는 모습이 귀여워서 혼내지 못했지. 다음엔 더 잘 교육해야겠다고 다짐했어.,1. 아들이 장난스럽게 웃으며 이빨이 없다고 놀리고 있다. 2. 엄마는 아들의 귀여운 모습에 미소를 짓고 있다. 3. 방 안은 따뜻한 분위기로 가득 차 있다.
val_57,"대인관계(부부, 자녀)",당황,죄책감의,나도 모르게 아들에게 또 화를 내고 말았어. 미안하고 후회돼. 그럼 앞으로는 아들을 어떻게 대할 건가요? 아들한테 화내기 전에 참는 버릇을 들여야겠어. 좋은 방법이네요.,오늘 아들에게 또 화를 내고 말았어. 정말 미안하고 후회돼. 앞으로는 아들을 대할 때 좀 더 참아야겠다고 다짐했어. 아들이 웃는 모습을 보면 화가 나기 전에 참는 연습을 해야겠어.,1. 아들이 장난감을 가지고 놀고 있다. 2. 아이의 얼굴에 웃음이 가득하다. 3. 방 안은 따뜻한 분위기로 가득 차 있다.
val_60,"대인관계(부부, 자녀)",분노,분노,딸이 오늘 내 서류를 이면지인 줄 알고 썼어! 너무 화나! 그래서 딸이랑 싸웠어! 딸이 이면지인 줄 알고 중요한 서류를 쓰셔서 분노하셨군요. 따님이랑 어떻게 푸실 생각이세요? 모르겠어. 일단 이야기해 봐야지. 잘 생각하셨어요! 따님과 잘 푸시길 바랄게요.,"오늘 딸이 내 서류를 이면지인 줄 알고 막 썼어. 그래서 좀 화가 나서 싸웠는데, 이제는 어떻게 풀어야 할지 고민 중이야. 딸이 그걸 쓸 때의 표정이 너무 귀여웠는데, 그걸 생각하니 마음이 좀 누그러지네.","1. 딸이 내 서류 위에 연필로 낙서를 하고 있다.  
2. 딸의 얼굴에 장난기 가득한 미소가 떠오른다.  
3. 서류 위에 흩어진 연필과 종이가 방 안을 어지럽히고 있다."
val_62,"대인관계(부부, 자녀)",분노,툴툴대는,딸이 요즘 자꾸만 별거 아닌 일로 툴툴대. 많이 신경 쓰이시겠어요. 앞으로 딸과 어떻게 지낼 예정인가요? 내일 같이 외식하면서 대화를 해보려고 해. 그거 좋은 생각이네요. 잘 해결되시길 바라요.,요즘 딸이 별거 아닌 일로 툴툴대는 모습이 자꾸 신경 쓰이네. 그래서 내일 외식하면서 대화를 해보려고 해. 딸이 어떤 생각을 하고 있는지 들어보고 싶어.,1. 딸이 식탁에 앉아 툴툴대며 불만을 토로하고 있다. 2. 엄마가 딸과의 대화를 위해 외식 준비를 하고 있다. 3. 따뜻한 분위기 속에서 서로의 마음을 나누려는 모습이 보인다.
val_64,"대인관계(부부, 자녀)",상처,상처,아이들이 나보고 아줌마라고 했어. 정말 상처받았어. 아이들이 아줌마라고 불러서 상처받으셨군요. 응. 한번 대화를 해봐야겠어. 아이들에게 어떤 말을 하고 싶으신가요?,"오늘 아이들이 나를 아줌마라고 불렀어. 순간 마음이 아프더라. 그래도 아이들이 나를 그렇게 부르는 이유를 생각해보니, 나도 더 잘해야겠다는 생각이 들었어. 아이들과 대화를 나눠보려고 해.","1. 아이들이 나를 아줌마라고 부르며 웃고 있다.  
2. 아이들의 순수한 표정이 마음을 따뜻하게 한다.  
3. 대화를 나누기 위해 아이들과 마주 앉아 있다."
val_66,"대인관계(부부, 자녀)",기쁨,기쁨,오늘 크리스마스인데 아들에게 선물을 사줬는데 너무 좋아해. 그렇군요 아드님이 선물을 많이 좋아하나 봐요. 선물을 받고 행복해하는 모습을 보니 이렇게 기쁠수가 없어. 그렇군요. 많이 기쁘시겠어요.,오늘 크리스마스라 아들에게 선물을 사줬어. 아들이 선물을 받고 너무 좋아하는 모습을 보니 정말 기쁘더라. 행복한 표정으로 선물을 열어보는 모습이 너무 귀여웠어. 이렇게 기쁜 날이 또 있을까 싶어.,"1. 아들이 크리스마스 선물을 받고 환하게 웃고 있다.  
2. 작은 손으로 선물을 열어보며 기대에 찬 눈빛을 보내고 있다.  
3. 방 안에 크리스마스 장식이 아들의 행복한 기분을 더욱 돋보이게 한다."
val_67,"대인관계(부부, 자녀)",기쁨,감사하는,오늘 내 생일이었는데 딸아이가 케이크하고 카드를 식탁 위에 올려놓았더라고. 해준 것도 없는데 고맙더라고. 기분이 좋으셨겠어요. 잘 커 준 것만도 고마운데 나보고 잘 키워줘서 고맙다는군. 무척 감동적인 카드를 받으셨네요.,"오늘 내 생일이었는데, 딸아이가 케이크랑 카드를 식탁 위에 올려놨더라. 해준 것도 없는데 고맙다고 하니까 정말 기분이 좋았어. 잘 커준 것만으로도 고마운데, 나한테 잘 키워줘서 고맙다고 하니까 무척 감동적이었어.","1. 식탁 위에 예쁜 케이크와 손편지가 놓여 있다.  
2. 딸아이가 환한 미소로 나를 바라보고 있다.  
3. 따뜻한 조명이 방 안을 부드럽게 감싸고 있다."
val_69,"대인관계(부부, 자녀)",당황,남의 시선을 의식하는,딸이 옷을 너무 짧게 입고 다녀서 걱정이야. 어떤 부분이 걱정되시나요? 주위 이웃들이 딸을 한심하게 생각할 것 같아. 다른 이웃의 시선이 신경 쓰이시는군요.,"딸이 오늘 짧은 옷을 입고 나갔어. 이웃들이 어떻게 생각할까 걱정이 되더라. 딸은 신나게 놀고 있었는데, 나는 그 모습이 예쁘기도 하고 걱정되기도 했어. 다른 사람들의 시선이 신경 쓰이네.",1. 딸이 짧은 옷을 입고 놀이터에서 신나게 뛰어다닌다. 2. 주변 이웃들이 딸을 바라보며 수군거리는 모습이 보인다. 3. 딸의 얼굴에는 즐거움이 가득 차 있다.
val_70,"대인관계(부부, 자녀)",당황,죄책감의,우리 딸이 요즘 노는데 맛 들인 거 같아 내가 잘못 키웠나 생각이 들어. 딸이 요즘 노는데 맛 들인 거 같아서 자신이 잘못 키웠나 죄책감이 드시는군요. 맞아. 어떻게 해야 할지 모르겠어! 일단 이야기해 봐야지. 좋은 생각이에요!,"요즘 딸이 노는 걸 정말 좋아하네. 장난감 가지고 혼자서도 잘 놀고, 웃는 모습이 너무 예쁘다. 가끔은 내가 잘못 키운 건 아닌가 걱정도 되지만, 그냥 즐겁게 노는 모습 보니까 마음이 놓여. 앞으로도 이렇게 신나게 놀 수 있도록 도와줘야겠다.",1. 딸이 다양한 장난감을 가지고 신나게 놀고 있다. 2. 아이의 웃음소리가 방 안에 가득 차 있다. 3. 밝은 햇살이 창문을 통해 들어와 아이의 얼굴을 따뜻하게 감싸고 있다.
val_76,"대인관계(부부, 자녀)",상처,충격 받은,아들이 말도 안 하고 큰 개를 집으로 데려왔어. 갑자기 큰 개를 집으로 들이게 되셔서 놀라셨겠어요. 당연히 놀랐지 저 많은 털을 어떻게 해. 이제. 허락도 없이 데려와서 너무 당황스러울 것 같아요.,"오늘 아들이 갑자기 큰 개를 데려왔어. 처음에는 너무 놀랐지. 저 많은 털을 어떻게 처리해야 할지 걱정이 됐어. 허락도 없이 데려와서 당황스러웠지만, 아들이 좋아하는 모습을 보니 조금은 이해가 가더라.",1. 아들이 큰 개를 집으로 데려와서 놀란 표정을 짓고 있다. 2. 개의 털이 방 안에 흩어져 있어 정리할 걱정이 든다. 3. 아들이 개와 함께 신나게 놀고 있는 모습이 보인다.
val_81,"연애,결혼,출산",당황,당황,출산하고 이제 아이를 집으로 데려왔어. 나 혼자 돌보아야 해. 퇴원 축하드려요. 아이를 돌보시느라 힘드시겠군요. 그런데 아까부터 아기가 계속 우는데 나는 초보 엄마라서 어떻게 해야 할지 모르겠어. 왜 우는지도 모르겠고. 아이가 울어서 당황하셨군요. ,"오늘 아기를 집으로 데려왔어. 혼자서 돌보는 게 처음이라 많이 긴장했어. 아기가 계속 울어서 어떻게 달래야 할지 모르겠더라. 초보 엄마라서 당황했지만, 아기의 작은 손을 잡고 있자니 조금씩 안정이 되는 것 같아.",1. 아기가 울고 있는 모습이 방 안에 가득하다. 2. 작은 손이 엄마의 손을 꼭 잡고 있다. 3. 방 안은 조용하지만 아기의 울음소리가 울려 퍼진다.
val_82,"연애,결혼,출산",슬픔,실망한,아기를 낳았는데 너무 못생겨서 실망했어. 아기들은 다 예쁠 거로 생각했거든. 출산했는데 아기가 예쁘지 않아 실망하셨군요. 아기를 처음 만났을 때의 기분은 어땠나요? 처음 아기를 봤을 때부터 못생긴 얼굴에 너무 놀랐다니까.  처음 아기를 봤을 때부터 놀라셨군요.,"오늘 아기를 처음 봤을 때 너무 놀랐어. 기대했던 예쁜 얼굴이 아니어서 실망했지만, 그래도 내 아기라는 생각에 마음이 따뜻해지더라. 아기의 작은 손가락을 잡고 있으면, 그 순간이 너무 소중하게 느껴져.",1. 아기가 작고 못생긴 얼굴로 나를 바라보고 있다. 2. 작은 손가락이 내 손가락을 꼭 잡고 있다. 3. 아기의 눈빛이 나를 향해 호기심 가득하다.
val_84,"연애,결혼,출산",슬픔,마비된,갓난아이가 계속 우는데 이유를 모르겠네. 우는 아이를 달랠 수 없어 마음이 쓰이시겠어요. 뭘 필요로 하는지 알 수 없으니 너무 미안하네.  아이의 마음을 몰라주는 것 같아 답답하시군요. ,"오늘 아기가 계속 울어서 마음이 너무 아팠어. 뭘 필요로 하는지 모르니까 더 답답하더라. 아이의 마음을 이해해주고 싶었는데, 그게 쉽지 않네. 그래도 조금씩 달래보려고 노력했어.",1. 아기가 울고 있는 모습이 방 안에 가득하다. 2. 엄마가 아기를 안고 조심스럽게 달래고 있다. 3. 아이의 작은 손이 엄마의 품에 꼭 쥐어져 있다.
val_86,"대인관계(부부, 자녀)",불안,당혹스러운,요즘 둘째 아이의 예전과 다른 모습에 너무 놀라. 놀라셨겠네요. 무슨 일이 있으셨어요? 작년까지 마냥 귀엽기만 하더니 화를 내지 않아도 되는 상황에서도 벌컥 화를 내내. 갑작스러운 변화가 무척 당황스러우시겠네요.,"요즘 둘째가 예전과 많이 달라졌어. 작년까지만 해도 귀여운 모습만 보여줬는데, 이제는 화를 내는 모습도 자주 보이네. 그런 모습을 보니 당황스럽기도 하고, 어떻게 대처해야 할지 고민이 많아져. 아이가 이렇게 변하는 걸 보니, 정말 빠르게 자라는 것 같아.",1. 둘째가 화를 내며 불만을 표현하고 있다. 2. 아이의 표정이 예전과는 다르게 강해 보인다. 3. 주변은 아이의 변화에 대한 엄마의 걱정으로 가득 차 있다.
val_89,"연애,결혼,출산",기쁨,안도,아이가 뛰어놀다가 넘어져서 깜짝 놀랐었어. 많이 놀라셨군요. 아이는 괜찮나요? 아이도 놀랐는데 살짝 넘어져서 그런지 크게 다친 건 없어서 다행이었어. 크게 안 다쳐서 다행이군요.,"오늘 아이가 뛰어놀다가 넘어졌어. 깜짝 놀라서 나도 순간 심장이 쿵 하고 뛰었지. 다행히 크게 다치진 않았고, 살짝 넘어졌을 뿐이라서 안심했어. 아이도 놀란 표정이었지만, 금방 웃으면서 다시 놀기 시작했어.","1. 아이가 놀이터에서 신나게 뛰어놀다가 넘어졌다.  
2. 놀란 표정으로 잠시 멈췄지만, 곧 웃으며 다시 뛰어다닌다.  
3. 주변에서 다른 아이들도 함께 놀고 있는 모습이 보인다."
